[Licensing::Module] Trying to connect to existing licensing client channel...
Built from '6000.3/staging' branch; Version is '6000.3.11f1 (3000ef702840) revision 3145967'; Using compiler version '194234433'; Build Type 'Release'
[Licensing::IpcConnector] Successfully connected to: "LicenseClient-Willf" at "2026-04-05T02:48:34.5058698Z"
OS: 'Windows 11  (10.0.26200) Core' Language: 'en' Physical Memory: 49023 MB
BatchMode: 1, IsHumanControllingUs: 0, StartBugReporterOnCrash: 0, Is64bit: 1
System  architecture: x64
Process architecture: x64
Date: 2026-04-05T02:48:34Z

COMMAND LINE ARGUMENTS:
C:\Program Files\Unity\Hub\Editor\6000.3.11f1\Editor\Unity.exe
-adb2
-batchMode
-noUpm
-name
AssetImportWorker2
-projectPath
C:/Unity/Games/Assignment-3-FPS
-logFile
Logs/AssetImportWorker2.log
-srvPort
51909
-licensingIpc
LicenseClient-Willf
-job-worker-count
5
-background-job-worker-count
8
-gc-helper-count
1
-name
AssetImport
Successfully changed project path to: C:/Unity/Games/Assignment-3-FPS
C:/Unity/Games/Assignment-3-FPS
[UnityMemory] Configuration Parameters - Can be set up in boot.config
    "memorysetup-temp-allocator-size-nav-mesh-worker=65536"
    "memorysetup-temp-allocator-size-audio-worker=65536"
    "memorysetup-temp-allocator-size-gfx=262144"
    "memorysetup-allocator-temp-initial-block-size-main=262144"
    "memorysetup-allocator-temp-initial-block-size-worker=262144"
    "memorysetup-temp-allocator-size-background-worker=32768"
    "memorysetup-temp-allocator-size-job-worker=262144"
    "memorysetup-temp-allocator-size-preload-manager=33554432"
    "memorysetup-temp-allocator-size-gi-baking-worker=262144"
    "memorysetup-temp-allocator-size-gi-baking-worker=262144"
    "memorysetup-temp-allocator-size-gi-baking-worker=262144"
    "memorysetup-temp-allocator-size-gi-baking-worker=262144"
    "memorysetup-temp-allocator-size-gi-baking-worker=262144"
    "memorysetup-bucket-allocator-granularity=16"
    "memorysetup-bucket-allocator-bucket-count=8"
    "memorysetup-bucket-allocator-block-size=33554432"
    "memorysetup-bucket-allocator-block-count=8"
    "memorysetup-main-allocator-block-size=16777216"
    "memorysetup-thread-allocator-block-size=16777216"
    "memorysetup-gfx-main-allocator-block-size=16777216"
    "memorysetup-gfx-thread-allocator-block-size=16777216"
    "memorysetup-cache-allocator-block-size=4194304"
    "memorysetup-typetree-allocator-block-size=2097152"
    "memorysetup-profiler-bucket-allocator-granularity=16"
    "memorysetup-profiler-bucket-allocator-bucket-count=8"
    "memorysetup-profiler-bucket-allocator-block-size=33554432"
    "memorysetup-profiler-bucket-allocator-block-count=8"
    "memorysetup-profiler-allocator-block-size=16777216"
    "memorysetup-profiler-editor-allocator-block-size=1048576"
    "memorysetup-temp-allocator-size-main=16777216"
    "memorysetup-job-temp-allocator-block-size=2097152"
    "memorysetup-job-temp-allocator-block-size-background=1048576"
    "memorysetup-job-temp-allocator-reduction-small-platforms=262144"
    "memorysetup-temp-allocator-size-cloud-worker=32768"
Player connection [23392]  Target information:

Player connection [23392]  * "[IP] 192.168.56.1 [Port] 0 [Flags] 2 [Guid] 1027290030 [EditorId] 1027290030 [Version] 1048832 [Id] WindowsEditor(7,DESKTOP-F77KVCP) [Debug] 1 [PackageName] WindowsEditor [ProjectName] Editor" 

Player connection [23392]  * "[IP] 192.168.1.29 [Port] 0 [Flags] 2 [Guid] 1027290030 [EditorId] 1027290030 [Version] 1048832 [Id] WindowsEditor(7,DESKTOP-F77KVCP) [Debug] 1 [PackageName] WindowsEditor [ProjectName] Editor" 

Player connection [23392] Host joined multi-casting on [225.0.0.222:54997]...
Player connection [23392] Host joined alternative multi-casting on [225.0.0.222:34997]...
JobSystem: Creating JobQueue using job-worker-count value 5
Input System module state changed to: Initialized.
[Physics::Module] Initialized fallback backend.
[Physics::Module] Id: 0xdecafbad
Library Redirect Path: Library/
[Physics::Module] Selected backend.
[Physics::Module] Name: PhysX
[Physics::Module] Id: 0xf2b8ea05
[Physics::Module] SDK Version: 4.1.2
[Physics::Module] Integration Version: 1.0.0
[Physics::Module] Threading Mode: Multi-Threaded
Refreshing native plugins compatible for Editor in 7.26 ms, found 3 plugins.
Preloading 0 native plugins for Editor in 0.00 ms.
Initialize engine version: 6000.3.11f1 (3000ef702840)
[Subsystems] Discovering subsystems at path C:/Program Files/Unity/Hub/Editor/6000.3.11f1/Editor/Data/Resources/UnitySubsystems
[Subsystems] Discovering subsystems at path C:/Unity/Games/Assignment-3-FPS/Assets
GfxDevice: creating device client; kGfxThreadingModeNonThreaded
Direct3D:
    Version:  Direct3D 11.0 [level 11.1]
    Renderer: AMD Radeon RX 9060 XT (ID=0x7590)
    Vendor:   ATI
    VRAM:     16253 MB
    Driver:   32.0.23033.1002
Initialize mono
Mono path[0] = 'C:/Program Files/Unity/Hub/Editor/6000.3.11f1/Editor/Data/Managed'
Mono path[1] = 'C:/Program Files/Unity/Hub/Editor/6000.3.11f1/Editor/Data/MonoBleedingEdge/lib/mono/unityjit-win32'
Mono config path = 'C:/Program Files/Unity/Hub/Editor/6000.3.11f1/Editor/Data/MonoBleedingEdge/etc'
Using monoOptions --debugger-agent=transport=dt_socket,embedding=1,server=y,suspend=n,address=127.0.0.1:56792
Begin MonoManager ReloadAssembly
Registering precompiled unity dll's ...
Register platform support module: C:/Program Files/Unity/Hub/Editor/6000.3.11f1/Editor/Data/PlaybackEngines/WebGLSupport/UnityEditor.WebGL.Extensions.dll
Register platform support module: C:/Program Files/Unity/Hub/Editor/6000.3.11f1/Editor/Data/PlaybackEngines/WindowsStandaloneSupport/UnityEditor.WindowsStandalone.Extensions.dll
Registered in 0.003823 seconds.
- Loaded All Assemblies, in  0.667 seconds
Native extension for WindowsStandalone target not found
Native extension for WebGL target not found
Package Manager log level set to [2]
[Package Manager] Failed to launch server process. Reason: Unity was launched with the -noUpm command-line argument
[Package Manager] Unable to send message (not connected to server process).
[Package Manager] Cannot connect to Unity Package Manager local server
ScheduleIndexationOnStartup MainProcess:False IndexOnStartup:True
Mono: successfully reloaded assembly
- Finished resetting the current domain, in  0.609 seconds
Domain Reload Profiling: 1271ms
	BeginReloadAssembly (235ms)
		ExecutionOrderSort (0ms)
		DisableScriptedObjects (0ms)
		BackupInstance (0ms)
		ReleaseScriptingObjects (0ms)
		CreateAndSetChildDomain (1ms)
	RebuildCommonClasses (59ms)
	RebuildNativeTypeToScriptingClass (15ms)
	initialDomainReloadingComplete (71ms)
	LoadAllAssembliesAndSetupDomain (280ms)
		LoadAssemblies (230ms)
		RebuildTransferFunctionScriptingTraits (0ms)
		AnalyzeDomain (273ms)
			TypeCache.Refresh (271ms)
				TypeCache.ScanAssembly (249ms)
			BuildScriptInfoCaches (0ms)
			ResolveRequiredComponents (1ms)
	FinalizeReload (610ms)
		ReleaseScriptCaches (0ms)
		RebuildScriptCaches (0ms)
		SetupLoadedEditorAssemblies (538ms)
			LogAssemblyErrors (0ms)
			InitializePlatformSupportModulesInManaged (88ms)
			SetLoadedEditorAssemblies (5ms)
			BeforeProcessingInitializeOnLoad (130ms)
			ProcessInitializeOnLoadAttributes (204ms)
			ProcessInitializeOnLoadMethodAttributes (110ms)
			AfterProcessingInitializeOnLoad (0ms)
			EditorAssembliesLoaded (0ms)
		ExecutionOrderSort2 (0ms)
		AwakeInstancesAfterBackupRestoration (0ms)
========================================================================
Worker process is ready to serve import requests
Import Worker Mode flag is 0x00
Begin MonoManager ReloadAssembly
[Licensing::Module] Licensing is not yet initialized.
[Licensing::Client] Error: HandshakeResponse reported an error:
	ResponseCode: 505
	ResponseStatus: Unsupported protocol version '1.18.0'.
[Licensing::Module] Error: Failed to handshake to channel: "LicenseClient-Willf"
[Licensing::IpcConnector] LicenseClient-Willf channel disconnected successfully.
[Licensing::IpcConnector] Successfully connected to: "LicenseClient-Willf-6000.3.11" at "2026-04-05T02:48:37.5171065Z"
[Licensing::Client] Handshaking with LicensingClient:
  Version:                 1.18.0+23225a6
  Session Id:              60cf774306834d97be7ec39b00770bad
  Correlation Id:          a1d855750f2bfa4921bc0435fa03eb11
  External correlation Id: 7219941401303788320
  Machine Id:              Tw/P9OhPxZIJpbzH62A/CU7svEE=
[Licensing::Module] Successfully connected to LicensingClient on channel: "LicenseClient-Willf-6000.3.11" (connect: 0.00s, validation: 0.00s, handshake: 0.14s)
[Licensing::IpcConnector] Successfully connected to: "LicenseClient-Willf-6000.3.11-notifications" at "2026-04-05T02:48:37.655543Z"
[Licensing::Module] Licensing Background thread has ended after 3.15s
[Licensing::Module] Licensing is initialized (took 0.58s).
[Licensing::Client] Successfully resolved entitlement details
[Licensing::Module] License group:
  Id: 2474381100340-UnityPersXXXX
  Product: Unity Personal
  Type: Assigned
  Expiration: Unlimited
- Loaded All Assemblies, in  1.637 seconds
Refreshing native plugins compatible for Editor in 1.37 ms, found 3 plugins.
Native extension for WindowsStandalone target not found
Native extension for WebGL target not found
[Package Manager] Failed to launch server process. Reason: Unity was launched with the -noUpm command-line argument
[Package Manager] Unable to send message (not connected to server process).
[Package Manager] Cannot connect to Unity Package Manager local server
[Package Manager] Failed to launch server process. Reason: Unity was launched with the -noUpm command-line argument
[Package Manager] Unable to send message (not connected to server process).
[Package Manager] Cannot connect to Unity Package Manager local server
ScheduleIndexationOnStartup MainProcess:False IndexOnStartup:True
Mono: successfully reloaded assembly
- Finished resetting the current domain, in  1.008 seconds
Domain Reload Profiling: 2619ms
	BeginReloadAssembly (814ms)
		ExecutionOrderSort (0ms)
		DisableScriptedObjects (7ms)
		BackupInstance (0ms)
		ReleaseScriptingObjects (0ms)
		CreateAndSetChildDomain (37ms)
	RebuildCommonClasses (50ms)
	RebuildNativeTypeToScriptingClass (15ms)
	initialDomainReloadingComplete (54ms)
	LoadAllAssembliesAndSetupDomain (677ms)
		LoadAssemblies (492ms)
		RebuildTransferFunctionScriptingTraits (0ms)
		AnalyzeDomain (315ms)
			TypeCache.Refresh (222ms)
				TypeCache.ScanAssembly (206ms)
			BuildScriptInfoCaches (74ms)
			ResolveRequiredComponents (13ms)
	FinalizeReload (1009ms)
		ReleaseScriptCaches (0ms)
		RebuildScriptCaches (0ms)
		SetupLoadedEditorAssemblies (752ms)
			LogAssemblyErrors (0ms)
			InitializePlatformSupportModulesInManaged (3ms)
			SetLoadedEditorAssemblies (6ms)
			BeforeProcessingInitializeOnLoad (173ms)
			ProcessInitializeOnLoadAttributes (473ms)
			ProcessInitializeOnLoadMethodAttributes (87ms)
			AfterProcessingInitializeOnLoad (10ms)
			EditorAssembliesLoaded (0ms)
		ExecutionOrderSort2 (0ms)
		AwakeInstancesAfterBackupRestoration (9ms)
Launched and connected shader compiler UnityShaderCompiler.exe after 0.03 seconds
Refreshing native plugins compatible for Editor in 1.23 ms, found 3 plugins.
Preloading 0 native plugins for Editor in 0.00 ms.
Unloading 16 Unused Serialized files (Serialized files now loaded: 0)
Unloading 6284 unused Assets / (4.4 MB). Loaded Objects now: 7065.
Memory consumption went from 147.1 MB to 142.8 MB.
Total: 11.152300 ms (FindLiveObjects: 0.909600 ms CreateObjectMapping: 0.595200 ms MarkObjects: 6.061000 ms  DeleteObjects: 3.584100 ms)

========================================================================
Received Import Request.
  Time since last request: 793596.192069 seconds.
  path: Assets/Packages/UndeadAsset/Material/MainUV.mat
  artifactKey: Guid(78b245d1173626a439d1f58dfaf3d063) Importer(815301076,1909f56bfc062723c751e8b465ee728b)
Start importing Assets/Packages/UndeadAsset/Material/MainUV.mat using Guid(78b245d1173626a439d1f58dfaf3d063) Importer(815301076,1909f56bfc062723c751e8b465ee728b) (PreviewImporter) -> (artifact id: '3c1357590e8d4113086c6fa779d20cc2') in 0.6150092 seconds
Number of updated asset objects reloaded before import = 0Number of asset objects unloaded after import = 2

========================================================================
Received Import Request.
  Time since last request: 4.290411 seconds.
  path: Assets/Packages/UndeadAsset/Demo/Undead.lighting
  artifactKey: Guid(df9831c284dbacc43b55bc28be1d4e02) Importer(815301076,1909f56bfc062723c751e8b465ee728b)
Start importing Assets/Packages/UndeadAsset/Demo/Undead.lighting using Guid(df9831c284dbacc43b55bc28be1d4e02) Importer(815301076,1909f56bfc062723c751e8b465ee728b) (PreviewImporter) -> (artifact id: '9a68f50975ebecf8cdbb53b07840291b') in 0.0016634 seconds
Number of updated asset objects reloaded before import = 0Number of asset objects unloaded after import = 1

========================================================================
Received Import Request.
  Time since last request: 1.749459 seconds.
  path: Assets/Packages/UndeadAsset/Demo/Undead.unity
  artifactKey: Guid(362e4a78bb8a3004ba14f3d9092a45b3) Importer(815301076,1909f56bfc062723c751e8b465ee728b)
Start importing Assets/Packages/UndeadAsset/Demo/Undead.unity using Guid(362e4a78bb8a3004ba14f3d9092a45b3) Importer(815301076,1909f56bfc062723c751e8b465ee728b) (PreviewImporter) -> (artifact id: 'aa701ad63803fc6ae2a2c1dd7db3725b') in 0.0015828 seconds
Number of updated asset objects reloaded before import = 0Number of asset objects unloaded after import = 0

========================================================================
Received Import Request.
  Time since last request: 31.909382 seconds.
  path: Assets/Prefabs/Fireball2.prefab
  artifactKey: Guid(2e4a8f21bcc1dad4cb80a3954aaa7f5d) Importer(2089858483,e11c23a36db5f54750b8cd40eac0985b)
Start importing Assets/Prefabs/Fireball2.prefab using Guid(2e4a8f21bcc1dad4cb80a3954aaa7f5d) Importer(2089858483,e11c23a36db5f54750b8cd40eac0985b) (ScriptedImporter) -> (artifact id: 'a47d53f3f20d8bfc4646c79c7e4bb3ff') in 0.2983542 seconds
Number of updated asset objects reloaded before import = 0Number of asset objects unloaded after import = 15

========================================================================
Received Import Request.
  Time since last request: 0.000058 seconds.
  path: Assets/Packages/UndeadAsset/Demo/Undead.unity
  artifactKey: Guid(362e4a78bb8a3004ba14f3d9092a45b3) Importer(2089858483,e11c23a36db5f54750b8cd40eac0985b)
Start importing Assets/Packages/UndeadAsset/Demo/Undead.unity using Guid(362e4a78bb8a3004ba14f3d9092a45b3) Importer(2089858483,e11c23a36db5f54750b8cd40eac0985b) (ScriptedImporter)Opening scene 'Assets/Packages/UndeadAsset/Demo/Undead.unity additively'
Loaded scene 'Assets/Packages/UndeadAsset/Demo/Undead.unity'
	Deserialize:            14.451 ms
	Integration:            33.020 ms
	Integration of assets:  0.018 ms
	Thread Wait Time:       -0.001 ms
	Total Operation Time:   47.488 ms
 -> (artifact id: 'f378d629bd2937fe90b1ba5fbb5a2d5a') in 0.4083128 seconds
Number of updated asset objects reloaded before import = 0Number of asset objects unloaded after import = 99

========================================================================
Received Import Request.
  Time since last request: 0.000081 seconds.
  path: Assets/Packages/UndeadAsset/Prefabs/Character/Wraith_II.prefab
  artifactKey: Guid(06b5c058b87339541a56cdd22b4e8670) Importer(2089858483,e11c23a36db5f54750b8cd40eac0985b)
Start importing Assets/Packages/UndeadAsset/Prefabs/Character/Wraith_II.prefab using Guid(06b5c058b87339541a56cdd22b4e8670) Importer(2089858483,e11c23a36db5f54750b8cd40eac0985b) (ScriptedImporter) -> (artifact id: '5e46f3c7bbeda79dc80f2159911796d3') in 0.0927881 seconds
Number of updated asset objects reloaded before import = 0Number of asset objects unloaded after import = 186

========================================================================
Received Import Request.
  Time since last request: 0.000040 seconds.
  path: Assets/Packages/UndeadAsset/Model/Weapons/SwordBroken.fbx
  artifactKey: Guid(af582b6dd7000b24ebc3d7d2a425cab9) Importer(2089858483,b0f066a214c2f5e87bad3c948f4d605d)
Start importing Assets/Packages/UndeadAsset/Model/Weapons/SwordBroken.fbx using Guid(af582b6dd7000b24ebc3d7d2a425cab9) Importer(2089858483,b0f066a214c2f5e87bad3c948f4d605d) (ScriptedImporter) -> (artifact id: '6cb97dd5cd12986f337b3ad14301e277') in 0.0735845 seconds
Number of updated asset objects reloaded before import = 0Number of asset objects unloaded after import = 8

========================================================================
Received Import Request.
  Time since last request: 0.000047 seconds.
  path: Assets/Packages/UndeadAsset/Model/Character/SkeletonWarrior_II.fbx
  artifactKey: Guid(d6396a21f90ccf449b1abe9c920b0843) Importer(2089858483,b0f066a214c2f5e87bad3c948f4d605d)
Start importing Assets/Packages/UndeadAsset/Model/Character/SkeletonWarrior_II.fbx using Guid(d6396a21f90ccf449b1abe9c920b0843) Importer(2089858483,b0f066a214c2f5e87bad3c948f4d605d) (ScriptedImporter) -> (artifact id: '13374b567a9841663060febbdb409267') in 0.0314104 seconds
Number of updated asset objects reloaded before import = 0Number of asset objects unloaded after import = 187

========================================================================
Received Import Request.
  Time since last request: 0.000068 seconds.
  path: Assets/Packages/UndeadAsset/Model/Character/SkeletonLich.fbx
  artifactKey: Guid(b1d6781c4e3f65b478c606e5850bcd9c) Importer(2089858483,b0f066a214c2f5e87bad3c948f4d605d)
Start importing Assets/Packages/UndeadAsset/Model/Character/SkeletonLich.fbx using Guid(b1d6781c4e3f65b478c606e5850bcd9c) Importer(2089858483,b0f066a214c2f5e87bad3c948f4d605d) (ScriptedImporter) -> (artifact id: '5593666c91abd680603e75a42c54a624') in 0.0330483 seconds
Number of updated asset objects reloaded before import = 0Number of asset objects unloaded after import = 187

========================================================================
Received Import Request.
  Time since last request: 0.000067 seconds.
  path: Assets/Packages/StylizedHandPaintedDungeon(Free)/Prefabs/Lamp_02.prefab
  artifactKey: Guid(7970c12d6b19a504fbc82353b8a43abe) Importer(2089858483,e11c23a36db5f54750b8cd40eac0985b)
Start importing Assets/Packages/StylizedHandPaintedDungeon(Free)/Prefabs/Lamp_02.prefab using Guid(7970c12d6b19a504fbc82353b8a43abe) Importer(2089858483,e11c23a36db5f54750b8cd40eac0985b) (ScriptedImporter) -> (artifact id: 'd60245592eb29b4bc54a8dc2bb1b8a4b') in 0.0365331 seconds
Number of updated asset objects reloaded before import = 0Number of asset objects unloaded after import = 10

========================================================================
Received Import Request.
  Time since last request: 0.000065 seconds.
  path: Assets/Packages/UndeadAsset/Prefabs/Weapons/AxeBroken.prefab
  artifactKey: Guid(ca92cad5fc837c44181f97e67e9cc297) Importer(2089858483,e11c23a36db5f54750b8cd40eac0985b)
Start importing Assets/Packages/UndeadAsset/Prefabs/Weapons/AxeBroken.prefab using Guid(ca92cad5fc837c44181f97e67e9cc297) Importer(2089858483,e11c23a36db5f54750b8cd40eac0985b) (ScriptedImporter) -> (artifact id: '4585022869975f34d04c4e843bb2fea4') in 0.0257562 seconds
Number of updated asset objects reloaded before import = 0Number of asset objects unloaded after import = 8

========================================================================
Received Import Request.
  Time since last request: 0.000065 seconds.
  path: Assets/Packages/UndeadAsset/Model/Character/Wraith_II.fbx
  artifactKey: Guid(1867c25d07db89143a983896aff769a7) Importer(2089858483,b0f066a214c2f5e87bad3c948f4d605d)
Start importing Assets/Packages/UndeadAsset/Model/Character/Wraith_II.fbx using Guid(1867c25d07db89143a983896aff769a7) Importer(2089858483,b0f066a214c2f5e87bad3c948f4d605d) (ScriptedImporter) -> (artifact id: '3193469c759faf25264cbf76235bf72d') in 0.0285806 seconds
Number of updated asset objects reloaded before import = 0Number of asset objects unloaded after import = 187

========================================================================
Received Import Request.
  Time since last request: 0.000055 seconds.
  path: Assets/Packages/UndeadAsset/Model/Character/SkeletonLich_II.fbx
  artifactKey: Guid(08efc9727b654e347a68239e7bf49790) Importer(2089858483,b0f066a214c2f5e87bad3c948f4d605d)
Start importing Assets/Packages/UndeadAsset/Model/Character/SkeletonLich_II.fbx using Guid(08efc9727b654e347a68239e7bf49790) Importer(2089858483,b0f066a214c2f5e87bad3c948f4d605d) (ScriptedImporter) -> (artifact id: '24935bdf4117d91159aaac5f4525b0ab') in 0.0275345 seconds
Number of updated asset objects reloaded before import = 0Number of asset objects unloaded after import = 187

========================================================================
Received Import Request.
  Time since last request: 0.000040 seconds.
  path: Assets/Packages/UndeadAsset/Model/Weapons/AxeBroken.fbx
  artifactKey: Guid(78d1a63580243484e96b64b94038a9ae) Importer(2089858483,b0f066a214c2f5e87bad3c948f4d605d)
Start importing Assets/Packages/UndeadAsset/Model/Weapons/AxeBroken.fbx using Guid(78d1a63580243484e96b64b94038a9ae) Importer(2089858483,b0f066a214c2f5e87bad3c948f4d605d) (ScriptedImporter) -> (artifact id: '4e6109d734c6c3eecb12a312937bc0c1') in 0.0265388 seconds
Number of updated asset objects reloaded before import = 0Number of asset objects unloaded after import = 8

========================================================================
Received Import Request.
  Time since last request: 0.000043 seconds.
  path: Assets/Packages/UndeadAsset/Material/MainUV.mat
  artifactKey: Guid(78b245d1173626a439d1f58dfaf3d063) Importer(2089858483,b0f066a214c2f5e87bad3c948f4d605d)
Start importing Assets/Packages/UndeadAsset/Material/MainUV.mat using Guid(78b245d1173626a439d1f58dfaf3d063) Importer(2089858483,b0f066a214c2f5e87bad3c948f4d605d) (ScriptedImporter) -> (artifact id: '8ab8515bf603751ea4cfdd9dfa0e0cda') in 0.0229185 seconds
Number of updated asset objects reloaded before import = 0Number of asset objects unloaded after import = 2

========================================================================
Received Import Request.
  Time since last request: 0.000039 seconds.
  path: Assets/Packages/UndeadAsset/Prefabs/Character/SkeletonLich_II.prefab
  artifactKey: Guid(70b0d7633fc22d1419fe332a014ce87e) Importer(2089858483,e11c23a36db5f54750b8cd40eac0985b)
Start importing Assets/Packages/UndeadAsset/Prefabs/Character/SkeletonLich_II.prefab using Guid(70b0d7633fc22d1419fe332a014ce87e) Importer(2089858483,e11c23a36db5f54750b8cd40eac0985b) (ScriptedImporter) -> (artifact id: '42e3993bdc97f9f0e4e56f8a5e7ba6eb') in 0.0768576 seconds
Number of updated asset objects reloaded before import = 0Number of asset objects unloaded after import = 186

========================================================================
Received Import Request.
  Time since last request: 0.000059 seconds.
  path: Assets/Packages/UndeadAsset/Demo/Undead/LightingData.asset
  artifactKey: Guid(74d8e23480bf64342aed8a3bb5e58825) Importer(2089858483,b0f066a214c2f5e87bad3c948f4d605d)
Start importing Assets/Packages/UndeadAsset/Demo/Undead/LightingData.asset using Guid(74d8e23480bf64342aed8a3bb5e58825) Importer(2089858483,b0f066a214c2f5e87bad3c948f4d605d) (ScriptedImporter) -> (artifact id: 'd0b16daad739f088da675bb9a420400b') in 0.0162465 seconds
Number of updated asset objects reloaded before import = 0Number of asset objects unloaded after import = 2

========================================================================
Received Import Request.
  Time since last request: 0.000051 seconds.
  path: Assets/Packages/UndeadAsset/Model/Weapons/StaffLich.fbx
  artifactKey: Guid(6e0984a35c2a3c84ba9e62ee2f3e0342) Importer(2089858483,b0f066a214c2f5e87bad3c948f4d605d)
Start importing Assets/Packages/UndeadAsset/Model/Weapons/StaffLich.fbx using Guid(6e0984a35c2a3c84ba9e62ee2f3e0342) Importer(2089858483,b0f066a214c2f5e87bad3c948f4d605d) (ScriptedImporter) -> (artifact id: 'c1e6cfcbb475915a2e314e81120c692c') in 0.0237277 seconds
Number of updated asset objects reloaded before import = 0Number of asset objects unloaded after import = 8

========================================================================
Received Import Request.
  Time since last request: 0.000048 seconds.
  path: Assets/Packages/UndeadAsset/Model/Character/Wraith.fbx
  artifactKey: Guid(b19b172a6e956d34cb003b7befa2af53) Importer(2089858483,b0f066a214c2f5e87bad3c948f4d605d)
Start importing Assets/Packages/UndeadAsset/Model/Character/Wraith.fbx using Guid(b19b172a6e956d34cb003b7befa2af53) Importer(2089858483,b0f066a214c2f5e87bad3c948f4d605d) (ScriptedImporter) -> (artifact id: 'b6cbd71edddaec3325720dc3587cc5cf') in 0.0264276 seconds
Number of updated asset objects reloaded before import = 0Number of asset objects unloaded after import = 187

========================================================================
Received Import Request.
  Time since last request: 0.000064 seconds.
  path: Assets/Packages/UndeadAsset/Prefabs/Weapons/Scythe.prefab
  artifactKey: Guid(ddcc9bf1ff04f904c8a31ba932743f4b) Importer(2089858483,e11c23a36db5f54750b8cd40eac0985b)
Start importing Assets/Packages/UndeadAsset/Prefabs/Weapons/Scythe.prefab using Guid(ddcc9bf1ff04f904c8a31ba932743f4b) Importer(2089858483,e11c23a36db5f54750b8cd40eac0985b) (ScriptedImporter) -> (artifact id: '255cd645b5da0c76ba4078e52b0115c0') in 0.0200742 seconds
Number of updated asset objects reloaded before import = 0Number of asset objects unloaded after import = 8

========================================================================
Received Import Request.
  Time since last request: 0.000054 seconds.
  path: Assets/Packages/UndeadAsset/Model/Weapons/Scythe.fbx
  artifactKey: Guid(1c0be8a813bb65941bcb6527be223a1b) Importer(2089858483,b0f066a214c2f5e87bad3c948f4d605d)
Start importing Assets/Packages/UndeadAsset/Model/Weapons/Scythe.fbx using Guid(1c0be8a813bb65941bcb6527be223a1b) Importer(2089858483,b0f066a214c2f5e87bad3c948f4d605d) (ScriptedImporter) -> (artifact id: 'c018ee6b4337b948c4c40a30502b31e3') in 0.0375424 seconds
Number of updated asset objects reloaded before import = 0Number of asset objects unloaded after import = 8

========================================================================
Received Import Request.
  Time since last request: 0.000075 seconds.
  path: Assets/Packages/UndeadAsset/Prefabs/Weapons/StaffLich.prefab
  artifactKey: Guid(d4e25fa50886fa34e8dc1f2376a35703) Importer(2089858483,e11c23a36db5f54750b8cd40eac0985b)
Start importing Assets/Packages/UndeadAsset/Prefabs/Weapons/StaffLich.prefab using Guid(d4e25fa50886fa34e8dc1f2376a35703) Importer(2089858483,e11c23a36db5f54750b8cd40eac0985b) (ScriptedImporter) -> (artifact id: 'b119586a8157f409006f6fdb8c5b647c') in 0.0235167 seconds
Number of updated asset objects reloaded before import = 0Number of asset objects unloaded after import = 8

========================================================================
Received Import Request.
  Time since last request: 5.175845 seconds.
  path: Assets/Scenes/Level.unity
  artifactKey: Guid(2f9852feb964f874380edd1c23932113) Importer(2089858483,b0f066a214c2f5e87bad3c948f4d605d)
Start importing Assets/Scenes/Level.unity using Guid(2f9852feb964f874380edd1c23932113) Importer(2089858483,b0f066a214c2f5e87bad3c948f4d605d) (ScriptedImporter) -> (artifact id: 'b8626b70c813b093f3bc99c72d2f2da4') in 0.0585695 seconds
Number of updated asset objects reloaded before import = 0Number of asset objects unloaded after import = 1

========================================================================
Received Import Request.
  Time since last request: 0.000040 seconds.
  path: Assets/Packages/UndeadAsset/Prefabs/Character/SkeletonWarrior.prefab
  artifactKey: Guid(94025afe18059204e901d3bec7d70224) Importer(2089858483,b0f066a214c2f5e87bad3c948f4d605d)
Start importing Assets/Packages/UndeadAsset/Prefabs/Character/SkeletonWarrior.prefab using Guid(94025afe18059204e901d3bec7d70224) Importer(2089858483,b0f066a214c2f5e87bad3c948f4d605d) (ScriptedImporter) -> (artifact id: 'fd10f3bf2f89cba16bd48ebf9b6de55f') in 0.0238646 seconds
Number of updated asset objects reloaded before import = 0Number of asset objects unloaded after import = 186

========================================================================
Received Import Request.
  Time since last request: 0.000066 seconds.
  path: Assets/Packages/UndeadAsset/Prefabs/Weapons/AxeBroken.prefab
  artifactKey: Guid(ca92cad5fc837c44181f97e67e9cc297) Importer(2089858483,b0f066a214c2f5e87bad3c948f4d605d)
Start importing Assets/Packages/UndeadAsset/Prefabs/Weapons/AxeBroken.prefab using Guid(ca92cad5fc837c44181f97e67e9cc297) Importer(2089858483,b0f066a214c2f5e87bad3c948f4d605d) (ScriptedImporter) -> (artifact id: '050b7e1385790f44997ac535496fafde') in 0.0220297 seconds
Number of updated asset objects reloaded before import = 0Number of asset objects unloaded after import = 8

========================================================================
Received Import Request.
  Time since last request: 0.000064 seconds.
  path: Assets/Packages/UndeadAsset/Prefabs/Weapons/ShieldRound.prefab
  artifactKey: Guid(0d2c54ecc12765245aa90ca7d21c556b) Importer(2089858483,b0f066a214c2f5e87bad3c948f4d605d)
Start importing Assets/Packages/UndeadAsset/Prefabs/Weapons/ShieldRound.prefab using Guid(0d2c54ecc12765245aa90ca7d21c556b) Importer(2089858483,b0f066a214c2f5e87bad3c948f4d605d) (ScriptedImporter) -> (artifact id: 'e11a283fee0daba94a76ddaf7ce4f2c5') in 0.0230833 seconds
Number of updated asset objects reloaded before import = 0Number of asset objects unloaded after import = 8

========================================================================
Received Import Request.
  Time since last request: 0.000062 seconds.
  path: Assets/Packages/UndeadAsset/Prefabs/Weapons/StaffPriest.prefab
  artifactKey: Guid(addae68ef48bf4c4487e95874f9c26c6) Importer(2089858483,b0f066a214c2f5e87bad3c948f4d605d)
Start importing Assets/Packages/UndeadAsset/Prefabs/Weapons/StaffPriest.prefab using Guid(addae68ef48bf4c4487e95874f9c26c6) Importer(2089858483,b0f066a214c2f5e87bad3c948f4d605d) (ScriptedImporter) -> (artifact id: '97cf97d86f9a2147683dfdb5393898c4') in 0.0341158 seconds
Number of updated asset objects reloaded before import = 0Number of asset objects unloaded after import = 8

========================================================================
Received Import Request.
  Time since last request: 13.691641 seconds.
  path: Assets/Packages/UndeadAsset/Material/MainUV.mat
  artifactKey: Guid(78b245d1173626a439d1f58dfaf3d063) Importer(2089858483,b0f066a214c2f5e87bad3c948f4d605d)
Start importing Assets/Packages/UndeadAsset/Material/MainUV.mat using Guid(78b245d1173626a439d1f58dfaf3d063) Importer(2089858483,b0f066a214c2f5e87bad3c948f4d605d) (ScriptedImporter) -> (artifact id: 'f00a8bdbc56af998a65e3f47d9b3c902') in 0.0195377 seconds
Number of updated asset objects reloaded before import = 0Number of asset objects unloaded after import = 2

========================================================================
Received Prepare
Begin MonoManager ReloadAssembly
[Licensing::Client] Successfully resolved entitlement details
- Loaded All Assemblies, in  1.053 seconds
Refreshing native plugins compatible for Editor in 2.52 ms, found 3 plugins.
Native extension for WindowsStandalone target not found
Native extension for WebGL target not found
[Package Manager] Failed to launch server process. Reason: Unity was launched with the -noUpm command-line argument
[Package Manager] Unable to send message (not connected to server process).
[Package Manager] Cannot connect to Unity Package Manager local server
[Package Manager] Failed to launch server process. Reason: Unity was launched with the -noUpm command-line argument
[Package Manager] Unable to send message (not connected to server process).
[Package Manager] Cannot connect to Unity Package Manager local server
ScheduleIndexationOnStartup MainProcess:False IndexOnStartup:True
Mono: successfully reloaded assembly
- Finished resetting the current domain, in  1.181 seconds
Domain Reload Profiling: 2228ms
	BeginReloadAssembly (322ms)
		ExecutionOrderSort (0ms)
		DisableScriptedObjects (34ms)
		BackupInstance (0ms)
		ReleaseScriptingObjects (0ms)
		CreateAndSetChildDomain (72ms)
	RebuildCommonClasses (50ms)
	RebuildNativeTypeToScriptingClass (16ms)
	initialDomainReloadingComplete (40ms)
	LoadAllAssembliesAndSetupDomain (619ms)
		LoadAssemblies (517ms)
		RebuildTransferFunctionScriptingTraits (0ms)
		AnalyzeDomain (233ms)
			TypeCache.Refresh (8ms)
				TypeCache.ScanAssembly (0ms)
			BuildScriptInfoCaches (207ms)
			ResolveRequiredComponents (12ms)
	FinalizeReload (1182ms)
		ReleaseScriptCaches (0ms)
		RebuildScriptCaches (0ms)
		SetupLoadedEditorAssemblies (918ms)
			LogAssemblyErrors (0ms)
			InitializePlatformSupportModulesInManaged (4ms)
			SetLoadedEditorAssemblies (6ms)
			BeforeProcessingInitializeOnLoad (224ms)
			ProcessInitializeOnLoadAttributes (557ms)
			ProcessInitializeOnLoadMethodAttributes (115ms)
			AfterProcessingInitializeOnLoad (13ms)
			EditorAssembliesLoaded (1ms)
		ExecutionOrderSort2 (0ms)
		AwakeInstancesAfterBackupRestoration (25ms)
Refreshing native plugins compatible for Editor in 2.75 ms, found 3 plugins.
Preloading 0 native plugins for Editor in 0.00 ms.
Unloading 16 Unused Serialized files (Serialized files now loaded: 0)
Unloading 6283 unused Assets / (4.7 MB). Loaded Objects now: 7146.
Memory consumption went from 155.1 MB to 150.3 MB.
Total: 15.561400 ms (FindLiveObjects: 1.390900 ms CreateObjectMapping: 1.566800 ms MarkObjects: 7.659100 ms  DeleteObjects: 4.942200 ms)

Prepare: number of updated asset objects reloaded= 0
========================================================================
Received Import Request.
  Time since last request: 18.239403 seconds.
  path: Assets/Packages/UndeadAsset/Prefabs/Weapons/AxeBroken.prefab
  artifactKey: Guid(ca92cad5fc837c44181f97e67e9cc297) Importer(815301076,1909f56bfc062723c751e8b465ee728b)
Start importing Assets/Packages/UndeadAsset/Prefabs/Weapons/AxeBroken.prefab using Guid(ca92cad5fc837c44181f97e67e9cc297) Importer(815301076,1909f56bfc062723c751e8b465ee728b) (PreviewImporter) -> (artifact id: '2d0d3f29270c17e2c95b9db1a946fcc5') in 0.665976 seconds
Number of updated asset objects reloaded before import = 0Number of asset objects unloaded after import = 9

========================================================================
Received Import Request.
  Time since last request: 0.000055 seconds.
  path: Assets/Packages/UndeadAsset/Prefabs/Weapons/StaffLich.prefab
  artifactKey: Guid(d4e25fa50886fa34e8dc1f2376a35703) Importer(815301076,1909f56bfc062723c751e8b465ee728b)
Start importing Assets/Packages/UndeadAsset/Prefabs/Weapons/StaffLich.prefab using Guid(d4e25fa50886fa34e8dc1f2376a35703) Importer(815301076,1909f56bfc062723c751e8b465ee728b) (PreviewImporter) -> (artifact id: '43b1f894d1d9549fc354c4ee6f23be14') in 0.0273861 seconds
Number of updated asset objects reloaded before import = 0Number of asset objects unloaded after import = 9

========================================================================
Received Import Request.
  Time since last request: 0.000056 seconds.
  path: Assets/Packages/UndeadAsset/Textures/colors.png
  artifactKey: Guid(eef7977e8af132844bd2a029ef3e217a) Importer(815301076,1909f56bfc062723c751e8b465ee728b)
Start importing Assets/Packages/UndeadAsset/Textures/colors.png using Guid(eef7977e8af132844bd2a029ef3e217a) Importer(815301076,1909f56bfc062723c751e8b465ee728b) (PreviewImporter) -> (artifact id: 'f826f65c5937cf764893528ec7b2303b') in 0.0347359 seconds
Number of updated asset objects reloaded before import = 0Number of asset objects unloaded after import = 2

========================================================================
Received Import Request.
  Time since last request: 0.554299 seconds.
  path: Assets/Packages/UndeadAsset/Prefabs/Character/SkeletonLich.prefab
  artifactKey: Guid(4b9b4dd6b7633d44c9d2f1275fd92055) Importer(815301076,1909f56bfc062723c751e8b465ee728b)
Start importing Assets/Packages/UndeadAsset/Prefabs/Character/SkeletonLich.prefab using Guid(4b9b4dd6b7633d44c9d2f1275fd92055) Importer(815301076,1909f56bfc062723c751e8b465ee728b) (PreviewImporter) -> (artifact id: '8f2af4b85d508171ac9df5b0ac2796b8') in 0.0547662 seconds
Number of updated asset objects reloaded before import = 0Number of asset objects unloaded after import = 188

========================================================================
Received Import Request.
  Time since last request: 0.000049 seconds.
  path: Assets/Packages/UndeadAsset/Prefabs/Character/Wraith_II.prefab
  artifactKey: Guid(06b5c058b87339541a56cdd22b4e8670) Importer(815301076,1909f56bfc062723c751e8b465ee728b)
Start importing Assets/Packages/UndeadAsset/Prefabs/Character/Wraith_II.prefab using Guid(06b5c058b87339541a56cdd22b4e8670) Importer(815301076,1909f56bfc062723c751e8b465ee728b) (PreviewImporter) -> (artifact id: '788f74aca9230daac973e7ac5f825784') in 0.0287923 seconds
Number of updated asset objects reloaded before import = 0Number of asset objects unloaded after import = 188

========================================================================
Received Import Request.
  Time since last request: 142.500905 seconds.
  path: Assets/Scenes/Level.unity
  artifactKey: Guid(2f9852feb964f874380edd1c23932113) Importer(815301076,1909f56bfc062723c751e8b465ee728b)
Start importing Assets/Scenes/Level.unity using Guid(2f9852feb964f874380edd1c23932113) Importer(815301076,1909f56bfc062723c751e8b465ee728b) (PreviewImporter) -> (artifact id: '75266322a654acc77e5017e05f92f03e') in 0.0011227 seconds
Number of updated asset objects reloaded before import = 0Number of asset objects unloaded after import = 0

========================================================================
Received Prepare
Begin MonoManager ReloadAssembly
[Licensing::Client] Successfully resolved entitlement details
- Loaded All Assemblies, in  1.092 seconds
Refreshing native plugins compatible for Editor in 1.99 ms, found 3 plugins.
Native extension for WindowsStandalone target not found
Native extension for WebGL target not found
[Package Manager] Failed to launch server process. Reason: Unity was launched with the -noUpm command-line argument
[Package Manager] Unable to send message (not connected to server process).
[Package Manager] Cannot connect to Unity Package Manager local server
[Package Manager] Failed to launch server process. Reason: Unity was launched with the -noUpm command-line argument
[Package Manager] Unable to send message (not connected to server process).
[Package Manager] Cannot connect to Unity Package Manager local server
ScheduleIndexationOnStartup MainProcess:False IndexOnStartup:True
Mono: successfully reloaded assembly
- Finished resetting the current domain, in  1.029 seconds
Domain Reload Profiling: 2118ms
	BeginReloadAssembly (304ms)
		ExecutionOrderSort (0ms)
		DisableScriptedObjects (29ms)
		BackupInstance (0ms)
		ReleaseScriptingObjects (0ms)
		CreateAndSetChildDomain (67ms)
	RebuildCommonClasses (53ms)
	RebuildNativeTypeToScriptingClass (24ms)
	initialDomainReloadingComplete (44ms)
	LoadAllAssembliesAndSetupDomain (663ms)
		LoadAssemblies (528ms)
		RebuildTransferFunctionScriptingTraits (0ms)
		AnalyzeDomain (266ms)
			TypeCache.Refresh (11ms)
				TypeCache.ScanAssembly (1ms)
			BuildScriptInfoCaches (236ms)
			ResolveRequiredComponents (13ms)
	FinalizeReload (1030ms)
		ReleaseScriptCaches (0ms)
		RebuildScriptCaches (0ms)
		SetupLoadedEditorAssemblies (814ms)
			LogAssemblyErrors (0ms)
			InitializePlatformSupportModulesInManaged (3ms)
			SetLoadedEditorAssemblies (5ms)
			BeforeProcessingInitializeOnLoad (179ms)
			ProcessInitializeOnLoadAttributes (528ms)
			ProcessInitializeOnLoadMethodAttributes (87ms)
			AfterProcessingInitializeOnLoad (10ms)
			EditorAssembliesLoaded (1ms)
		ExecutionOrderSort2 (0ms)
		AwakeInstancesAfterBackupRestoration (19ms)
Refreshing native plugins compatible for Editor in 1.72 ms, found 3 plugins.
Preloading 0 native plugins for Editor in 0.00 ms.
Unloading 16 Unused Serialized files (Serialized files now loaded: 0)
Unloading 6285 unused Assets / (4.5 MB). Loaded Objects now: 7174.
Memory consumption went from 161.5 MB to 157.1 MB.
Total: 14.411400 ms (FindLiveObjects: 1.136100 ms CreateObjectMapping: 1.305400 ms MarkObjects: 6.459300 ms  DeleteObjects: 5.508800 ms)

Prepare: number of updated asset objects reloaded= 0
========================================================================
Received Import Request.
  Time since last request: 34.377424 seconds.
  path: Assets/SazenGames/Skeleton
  artifactKey: Guid(4b0404cdb24235849b74a4901ba0bb34) Importer(815301076,1909f56bfc062723c751e8b465ee728b)
Start importing Assets/SazenGames/Skeleton using Guid(4b0404cdb24235849b74a4901ba0bb34) Importer(815301076,1909f56bfc062723c751e8b465ee728b) (PreviewImporter) -> (artifact id: '5f0bd7046d4aba10d94b27065d238bcf') in 0.0026972 seconds
Number of updated asset objects reloaded before import = 0Number of asset objects unloaded after import = 0

========================================================================
Received Prepare
Refreshing native plugins compatible for Editor in 1.66 ms, found 3 plugins.
Preloading 0 native plugins for Editor in 0.00 ms.
Unloading 16 Unused Serialized files (Serialized files now loaded: 0)
Unloading 6278 unused Assets / (4.3 MB). Loaded Objects now: 7174.
Memory consumption went from 161.6 MB to 157.3 MB.
Total: 14.507300 ms (FindLiveObjects: 1.525900 ms CreateObjectMapping: 1.711700 ms MarkObjects: 6.883700 ms  DeleteObjects: 4.383100 ms)

Prepare: number of updated asset objects reloaded= 0
========================================================================
Received Import Request.
  Time since last request: 3.854375 seconds.
  path: Assets/Packages/SazenGames/Skeleton/Prefabs
  artifactKey: Guid(06a19258ad482f54188037725294929c) Importer(815301076,1909f56bfc062723c751e8b465ee728b)
Start importing Assets/Packages/SazenGames/Skeleton/Prefabs using Guid(06a19258ad482f54188037725294929c) Importer(815301076,1909f56bfc062723c751e8b465ee728b) (PreviewImporter) -> (artifact id: '62d9bf72bffcd3567b60ba0f89035224') in 0.0011946 seconds
Number of updated asset objects reloaded before import = 0Number of asset objects unloaded after import = 0

========================================================================
Received Import Request.
  Time since last request: 0.000024 seconds.
  path: Assets/Packages/SazenGames/Skeleton/Prefabs/Falchion_01.prefab
  artifactKey: Guid(13251fa65556cef4baa8a6aa88b9203f) Importer(815301076,1909f56bfc062723c751e8b465ee728b)
Start importing Assets/Packages/SazenGames/Skeleton/Prefabs/Falchion_01.prefab using Guid(13251fa65556cef4baa8a6aa88b9203f) Importer(815301076,1909f56bfc062723c751e8b465ee728b) (PreviewImporter) -> (artifact id: '215394c0eb4798033690ff4aaed95410') in 0.9516876 seconds
Number of updated asset objects reloaded before import = 0Number of asset objects unloaded after import = 16

========================================================================
Received Prepare
Begin MonoManager ReloadAssembly
- Loaded All Assemblies, in  1.056 seconds
Refreshing native plugins compatible for Editor in 1.71 ms, found 3 plugins.
Native extension for WindowsStandalone target not found
Native extension for WebGL target not found
[Package Manager] Failed to launch server process. Reason: Unity was launched with the -noUpm command-line argument
[Package Manager] Unable to send message (not connected to server process).
[Package Manager] Cannot connect to Unity Package Manager local server
[Package Manager] Failed to launch server process. Reason: Unity was launched with the -noUpm command-line argument
[Package Manager] Unable to send message (not connected to server process).
[Package Manager] Cannot connect to Unity Package Manager local server
ScheduleIndexationOnStartup MainProcess:False IndexOnStartup:True
Mono: successfully reloaded assembly
- Finished resetting the current domain, in  0.921 seconds
Domain Reload Profiling: 1974ms
	BeginReloadAssembly (305ms)
		ExecutionOrderSort (0ms)
		DisableScriptedObjects (27ms)
		BackupInstance (0ms)
		ReleaseScriptingObjects (0ms)
		CreateAndSetChildDomain (71ms)
	RebuildCommonClasses (57ms)
	RebuildNativeTypeToScriptingClass (16ms)
	initialDomainReloadingComplete (40ms)
	LoadAllAssembliesAndSetupDomain (634ms)
		LoadAssemblies (527ms)
		RebuildTransferFunctionScriptingTraits (0ms)
		AnalyzeDomain (248ms)
			TypeCache.Refresh (12ms)
				TypeCache.ScanAssembly (1ms)
			BuildScriptInfoCaches (217ms)
			ResolveRequiredComponents (12ms)
	FinalizeReload (922ms)
		ReleaseScriptCaches (0ms)
		RebuildScriptCaches (0ms)
		SetupLoadedEditorAssemblies (697ms)
			LogAssemblyErrors (0ms)
			InitializePlatformSupportModulesInManaged (3ms)
			SetLoadedEditorAssemblies (6ms)
			BeforeProcessingInitializeOnLoad (172ms)
			ProcessInitializeOnLoadAttributes (411ms)
			ProcessInitializeOnLoadMethodAttributes (95ms)
			AfterProcessingInitializeOnLoad (9ms)
			EditorAssembliesLoaded (0ms)
		ExecutionOrderSort2 (0ms)
		AwakeInstancesAfterBackupRestoration (27ms)
Refreshing native plugins compatible for Editor in 1.60 ms, found 3 plugins.
Preloading 0 native plugins for Editor in 0.00 ms.
Unloading 16 Unused Serialized files (Serialized files now loaded: 0)
Unloading 6285 unused Assets / (4.5 MB). Loaded Objects now: 7197.
Memory consumption went from 161.6 MB to 157.1 MB.
Total: 12.938900 ms (FindLiveObjects: 1.562400 ms CreateObjectMapping: 1.515100 ms MarkObjects: 6.519000 ms  DeleteObjects: 3.340400 ms)

Prepare: number of updated asset objects reloaded= 0
========================================================================
Received Import Request.
  Time since last request: 98.675690 seconds.
  path: Assets/Packages/UndeadAsset/Prefabs/Weapons
  artifactKey: Guid(dc6f1adc4a9d7d34c8aaf1a9dadd0277) Importer(815301076,1909f56bfc062723c751e8b465ee728b)
Start importing Assets/Packages/UndeadAsset/Prefabs/Weapons using Guid(dc6f1adc4a9d7d34c8aaf1a9dadd0277) Importer(815301076,1909f56bfc062723c751e8b465ee728b) (PreviewImporter) -> (artifact id: '0d7e557e29adf5b6213d75d5660866b1') in 0.0026161 seconds
Number of updated asset objects reloaded before import = 0Number of asset objects unloaded after import = 0

========================================================================
Received Import Request.
  Time since last request: 0.000033 seconds.
  path: Assets/Packages/UndeadAsset/Prefabs/Weapons/StaffLich.prefab
  artifactKey: Guid(d4e25fa50886fa34e8dc1f2376a35703) Importer(815301076,1909f56bfc062723c751e8b465ee728b)
Start importing Assets/Packages/UndeadAsset/Prefabs/Weapons/StaffLich.prefab using Guid(d4e25fa50886fa34e8dc1f2376a35703) Importer(815301076,1909f56bfc062723c751e8b465ee728b) (PreviewImporter) -> (artifact id: 'e7c71b4855911589c71770fd63705665') in 0.5603148 seconds
Number of updated asset objects reloaded before import = 0Number of asset objects unloaded after import = 9

========================================================================
Received Import Request.
  Time since last request: 7.750660 seconds.
  path: Assets/Packages/SazenGames/Skeleton/Demo/Demo.unity
  artifactKey: Guid(3eefb1fce571e3246ac829b90302672d) Importer(2089858483,e11c23a36db5f54750b8cd40eac0985b)
Start importing Assets/Packages/SazenGames/Skeleton/Demo/Demo.unity using Guid(3eefb1fce571e3246ac829b90302672d) Importer(2089858483,e11c23a36db5f54750b8cd40eac0985b) (ScriptedImporter)Opening scene 'Assets/Packages/SazenGames/Skeleton/Demo/Demo.unity additively'
Loaded scene 'Assets/Packages/SazenGames/Skeleton/Demo/Demo.unity'
	Deserialize:            17.251 ms
	Integration:            107.643 ms
	Integration of assets:  1.241 ms
	Thread Wait Time:       0.104 ms
	Total Operation Time:   126.238 ms
 -> (artifact id: '1b7f5972a70d787de0cef93a7dfecda0') in 2.0636186 seconds
Number of updated asset objects reloaded before import = 0Number of asset objects unloaded after import = 406

========================================================================
Received Import Request.
  Time since last request: 0.000152 seconds.
  path: Assets/Packages/SazenGames/Skeleton/Art/Demo Animator Controllers/death.overrideController
  artifactKey: Guid(d86f425e09bd3ff4fa0e23cbd09347a6) Importer(2089858483,b0f066a214c2f5e87bad3c948f4d605d)
Start importing Assets/Packages/SazenGames/Skeleton/Art/Demo Animator Controllers/death.overrideController using Guid(d86f425e09bd3ff4fa0e23cbd09347a6) Importer(2089858483,b0f066a214c2f5e87bad3c948f4d605d) (ScriptedImporter) -> (artifact id: 'd3b58016c12e12933848c57ece4251eb') in 0.0253991 seconds
Number of updated asset objects reloaded before import = 0Number of asset objects unloaded after import = 6

========================================================================
Received Import Request.
  Time since last request: 0.000066 seconds.
  path: Assets/Packages/SazenGames/Skeleton/Art/Animations/Skeleton_slash02.fbx
  artifactKey: Guid(e21b0b2125aad7d4b812953b874cd974) Importer(2089858483,b0f066a214c2f5e87bad3c948f4d605d)
Start importing Assets/Packages/SazenGames/Skeleton/Art/Animations/Skeleton_slash02.fbx using Guid(e21b0b2125aad7d4b812953b874cd974) Importer(2089858483,b0f066a214c2f5e87bad3c948f4d605d) (ScriptedImporter) -> (artifact id: '31fda2b828a9765eb1288b866df190ad') in 0.1036393 seconds
Number of updated asset objects reloaded before import = 0Number of asset objects unloaded after import = 174

========================================================================
Received Import Request.
  Time since last request: 0.000052 seconds.
  path: Assets/Packages/SazenGames/Skeleton/Art/Animations/Skeleton_jump.fbx
  artifactKey: Guid(df23cde223aba7c4480eaceb08ba0e37) Importer(2089858483,b0f066a214c2f5e87bad3c948f4d605d)
Start importing Assets/Packages/SazenGames/Skeleton/Art/Animations/Skeleton_jump.fbx using Guid(df23cde223aba7c4480eaceb08ba0e37) Importer(2089858483,b0f066a214c2f5e87bad3c948f4d605d) (ScriptedImporter) -> (artifact id: '0345e65c267baa7b7f075ae4999ed78a') in 0.0376926 seconds
Number of updated asset objects reloaded before import = 0Number of asset objects unloaded after import = 174

========================================================================
Received Import Request.
  Time since last request: 0.000046 seconds.
  path: Assets/Packages/SazenGames/Skeleton/Prefabs/Skeleton_110.prefab
  artifactKey: Guid(61b3e3801d56a3f429556c96ea2f07d6) Importer(2089858483,e11c23a36db5f54750b8cd40eac0985b)
Start importing Assets/Packages/SazenGames/Skeleton/Prefabs/Skeleton_110.prefab using Guid(61b3e3801d56a3f429556c96ea2f07d6) Importer(2089858483,e11c23a36db5f54750b8cd40eac0985b) (ScriptedImporter) -> (artifact id: 'f4f7eb216e4e5a4719a0b5f5561c4b75') in 0.1165502 seconds
Number of updated asset objects reloaded before import = 0Number of asset objects unloaded after import = 361

========================================================================
Received Import Request.
  Time since last request: 0.000063 seconds.
  path: Assets/Packages/SazenGames/Skeleton/Art/Demo Animator Controllers/revive.overrideController
  artifactKey: Guid(15340e2c8ae3d5b479a50465a6d23485) Importer(2089858483,b0f066a214c2f5e87bad3c948f4d605d)
Start importing Assets/Packages/SazenGames/Skeleton/Art/Demo Animator Controllers/revive.overrideController using Guid(15340e2c8ae3d5b479a50465a6d23485) Importer(2089858483,b0f066a214c2f5e87bad3c948f4d605d) (ScriptedImporter) -> (artifact id: 'e1019e13ad47aa024cb844f5a6abd72f') in 0.0204317 seconds
Number of updated asset objects reloaded before import = 0Number of asset objects unloaded after import = 6

========================================================================
Received Import Request.
  Time since last request: 0.000049 seconds.
  path: Assets/Packages/SazenGames/Skeleton/Art/Textures/Skeleton_Emissive.png
  artifactKey: Guid(68a947a8809c20947bbc5c164877c2dd) Importer(2089858483,b0f066a214c2f5e87bad3c948f4d605d)
Start importing Assets/Packages/SazenGames/Skeleton/Art/Textures/Skeleton_Emissive.png using Guid(68a947a8809c20947bbc5c164877c2dd) Importer(2089858483,b0f066a214c2f5e87bad3c948f4d605d) (ScriptedImporter) -> (artifact id: '54d95714077e7d0490befe57b72e3355') in 0.0796707 seconds
Number of updated asset objects reloaded before import = 0Number of asset objects unloaded after import = 1

========================================================================
Received Import Request.
  Time since last request: 0.000043 seconds.
  path: Assets/Packages/SazenGames/Skeleton/Art/Demo Animator Controllers/walk RM.overrideController
  artifactKey: Guid(7dd7a7496197d5840a691bf704fb4ab8) Importer(2089858483,b0f066a214c2f5e87bad3c948f4d605d)
Start importing Assets/Packages/SazenGames/Skeleton/Art/Demo Animator Controllers/walk RM.overrideController using Guid(7dd7a7496197d5840a691bf704fb4ab8) Importer(2089858483,b0f066a214c2f5e87bad3c948f4d605d) (ScriptedImporter) -> (artifact id: '04b094635efb1991641c578ece07cf7f') in 0.0199628 seconds
Number of updated asset objects reloaded before import = 0Number of asset objects unloaded after import = 6

========================================================================
Received Import Request.
  Time since last request: 0.000066 seconds.
  path: Assets/Packages/SazenGames/Skeleton/Art/Demo Animator Controllers/fall.overrideController
  artifactKey: Guid(c44bf825bd7b3de40940f5d0ab25bf5e) Importer(2089858483,b0f066a214c2f5e87bad3c948f4d605d)
Start importing Assets/Packages/SazenGames/Skeleton/Art/Demo Animator Controllers/fall.overrideController using Guid(c44bf825bd7b3de40940f5d0ab25bf5e) Importer(2089858483,b0f066a214c2f5e87bad3c948f4d605d) (ScriptedImporter) -> (artifact id: '8eda3dc20579265dd069e9bc51e063fb') in 0.0187403 seconds
Number of updated asset objects reloaded before import = 0Number of asset objects unloaded after import = 6

========================================================================
Received Import Request.
  Time since last request: 0.000041 seconds.
  path: Assets/Packages/SazenGames/Skeleton/Art/Animations/Skeleton_walk_forward.fbx
  artifactKey: Guid(c206cf45441f0484b930f9f870961a03) Importer(2089858483,b0f066a214c2f5e87bad3c948f4d605d)
Start importing Assets/Packages/SazenGames/Skeleton/Art/Animations/Skeleton_walk_forward.fbx using Guid(c206cf45441f0484b930f9f870961a03) Importer(2089858483,b0f066a214c2f5e87bad3c948f4d605d) (ScriptedImporter) -> (artifact id: '00130d4ae3ed632675ed7c81059501e3') in 0.035943 seconds
Number of updated asset objects reloaded before import = 0Number of asset objects unloaded after import = 174

========================================================================
Received Import Request.
  Time since last request: 0.000048 seconds.
  path: Assets/Packages/SazenGames/Skeleton/Art/Demo Animator Controllers/idle.controller
  artifactKey: Guid(d0635c5725ebf5c49ba6eee6b99dadb6) Importer(2089858483,b0f066a214c2f5e87bad3c948f4d605d)
Start importing Assets/Packages/SazenGames/Skeleton/Art/Demo Animator Controllers/idle.controller using Guid(d0635c5725ebf5c49ba6eee6b99dadb6) Importer(2089858483,b0f066a214c2f5e87bad3c948f4d605d) (ScriptedImporter) -> (artifact id: 'fd8975ab2f3ebb9e100cb0bd9b3463d3') in 0.023309 seconds
Number of updated asset objects reloaded before import = 0Number of asset objects unloaded after import = 4

========================================================================
Received Import Request.
  Time since last request: 0.000039 seconds.
  path: Assets/Packages/SazenGames/Skeleton/Art/Materials/Falchion_Mat.mat
  artifactKey: Guid(ba9818ead348721478e164e89ef89f76) Importer(2089858483,b0f066a214c2f5e87bad3c948f4d605d)
Start importing Assets/Packages/SazenGames/Skeleton/Art/Materials/Falchion_Mat.mat using Guid(ba9818ead348721478e164e89ef89f76) Importer(2089858483,b0f066a214c2f5e87bad3c948f4d605d) (ScriptedImporter) -> (artifact id: 'ad6ca7b29c277749d00da580762af716') in 0.0209777 seconds
Number of updated asset objects reloaded before import = 0Number of asset objects unloaded after import = 2

========================================================================
Received Import Request.
  Time since last request: 0.000075 seconds.
  path: Assets/Packages/SazenGames/Skeleton/Art/Demo Animator Controllers/stab.overrideController
  artifactKey: Guid(096f06d48f5c476418ea81326193470e) Importer(2089858483,b0f066a214c2f5e87bad3c948f4d605d)
Start importing Assets/Packages/SazenGames/Skeleton/Art/Demo Animator Controllers/stab.overrideController using Guid(096f06d48f5c476418ea81326193470e) Importer(2089858483,b0f066a214c2f5e87bad3c948f4d605d) (ScriptedImporter) -> (artifact id: 'c8bc1c11908e65e00b2f24ca9d3e7b49') in 0.0218475 seconds
Number of updated asset objects reloaded before import = 0Number of asset objects unloaded after import = 6

========================================================================
Received Import Request.
  Time since last request: 0.000051 seconds.
  path: Assets/Packages/SazenGames/Skeleton/Art/Meshes/Falchion_01.fbx
  artifactKey: Guid(e6225f7dca5ab5c44928ed351487e920) Importer(2089858483,b0f066a214c2f5e87bad3c948f4d605d)
Start importing Assets/Packages/SazenGames/Skeleton/Art/Meshes/Falchion_01.fbx using Guid(e6225f7dca5ab5c44928ed351487e920) Importer(2089858483,b0f066a214c2f5e87bad3c948f4d605d) (ScriptedImporter) -> (artifact id: '995b27e766ad1266ba12ada090235922') in 0.0344981 seconds
Number of updated asset objects reloaded before import = 0Number of asset objects unloaded after import = 8

========================================================================
Received Import Request.
  Time since last request: 0.000059 seconds.
  path: Assets/Packages/SazenGames/Skeleton/Art/Animations/Skeleton_fall.fbx
  artifactKey: Guid(b3175ff2052d36d449f784bb41bf92f2) Importer(2089858483,b0f066a214c2f5e87bad3c948f4d605d)
Start importing Assets/Packages/SazenGames/Skeleton/Art/Animations/Skeleton_fall.fbx using Guid(b3175ff2052d36d449f784bb41bf92f2) Importer(2089858483,b0f066a214c2f5e87bad3c948f4d605d) (ScriptedImporter) -> (artifact id: '100eba615d58da64c88bd05f3c85894b') in 0.0355868 seconds
Number of updated asset objects reloaded before import = 0Number of asset objects unloaded after import = 174

========================================================================
Received Import Request.
  Time since last request: 0.000080 seconds.
  path: Assets/Packages/SazenGames/Skeleton/Art/Demo Animator Controllers/slash01.overrideController
  artifactKey: Guid(e0964a86e58371546a7538cdefa1b62f) Importer(2089858483,b0f066a214c2f5e87bad3c948f4d605d)
Start importing Assets/Packages/SazenGames/Skeleton/Art/Demo Animator Controllers/slash01.overrideController using Guid(e0964a86e58371546a7538cdefa1b62f) Importer(2089858483,b0f066a214c2f5e87bad3c948f4d605d) (ScriptedImporter) -> (artifact id: 'a8791434f161ca36ca9622826ebede1d') in 0.0209249 seconds
Number of updated asset objects reloaded before import = 0Number of asset objects unloaded after import = 6

========================================================================
Received Import Request.
  Time since last request: 0.000049 seconds.
  path: Assets/Packages/SazenGames/Skeleton/Art/Animations/Skeleton_death.fbx
  artifactKey: Guid(56fcc68ba18948946afb47d690ad1095) Importer(2089858483,b0f066a214c2f5e87bad3c948f4d605d)
Start importing Assets/Packages/SazenGames/Skeleton/Art/Animations/Skeleton_death.fbx using Guid(56fcc68ba18948946afb47d690ad1095) Importer(2089858483,b0f066a214c2f5e87bad3c948f4d605d) (ScriptedImporter) -> (artifact id: 'd53ec8362024d9e2031b0db789c5623d') in 0.0371639 seconds
Number of updated asset objects reloaded before import = 0Number of asset objects unloaded after import = 174

========================================================================
Received Import Request.
  Time since last request: 0.000064 seconds.
  path: Assets/Packages/SazenGames/Skeleton/Art/Animations/Skeleton_turn_left_90.fbx
  artifactKey: Guid(0f81c45f8fa2f8e4a8d7b918f0329b89) Importer(2089858483,b0f066a214c2f5e87bad3c948f4d605d)
Start importing Assets/Packages/SazenGames/Skeleton/Art/Animations/Skeleton_turn_left_90.fbx using Guid(0f81c45f8fa2f8e4a8d7b918f0329b89) Importer(2089858483,b0f066a214c2f5e87bad3c948f4d605d) (ScriptedImporter) -> (artifact id: '63055dd0f79416a0379da87a315a450d') in 0.0348262 seconds
Number of updated asset objects reloaded before import = 0Number of asset objects unloaded after import = 174

========================================================================
Received Import Request.
  Time since last request: 2.942847 seconds.
  path: Assets/Packages/SazenGames/Skeleton/Demo/Demo.unity
  artifactKey: Guid(3eefb1fce571e3246ac829b90302672d) Importer(2089858483,b0f066a214c2f5e87bad3c948f4d605d)
Start importing Assets/Packages/SazenGames/Skeleton/Demo/Demo.unity using Guid(3eefb1fce571e3246ac829b90302672d) Importer(2089858483,b0f066a214c2f5e87bad3c948f4d605d) (ScriptedImporter) -> (artifact id: 'db1507b8786cee04dddc08ed2911ecc5') in 0.0186748 seconds
Number of updated asset objects reloaded before import = 0Number of asset objects unloaded after import = 1

========================================================================
Received Import Request.
  Time since last request: 2.730743 seconds.
  path: Assets/Packages/UndeadAsset/Prefabs/Weapons/StaffLich.prefab
  artifactKey: Guid(d4e25fa50886fa34e8dc1f2376a35703) Importer(815301076,1909f56bfc062723c751e8b465ee728b)
Start importing Assets/Packages/UndeadAsset/Prefabs/Weapons/StaffLich.prefab using Guid(d4e25fa50886fa34e8dc1f2376a35703) Importer(815301076,1909f56bfc062723c751e8b465ee728b) (PreviewImporter) -> (artifact id: '612d213869004b8b61c9c5ef7caef644') in 0.0172417 seconds
Number of updated asset objects reloaded before import = 0Number of asset objects unloaded after import = 9

========================================================================
Received Import Request.
  Time since last request: 0.863201 seconds.
  path: Assets/Packages/UndeadAsset/Material/MainUV.mat
  artifactKey: Guid(78b245d1173626a439d1f58dfaf3d063) Importer(2089858483,b0f066a214c2f5e87bad3c948f4d605d)
Start importing Assets/Packages/UndeadAsset/Material/MainUV.mat using Guid(78b245d1173626a439d1f58dfaf3d063) Importer(2089858483,b0f066a214c2f5e87bad3c948f4d605d) (ScriptedImporter) -> (artifact id: '57a84dbde8ec3b7e3738fc13b4dc6c16') in 0.0213423 seconds
Number of updated asset objects reloaded before import = 0Number of asset objects unloaded after import = 2

========================================================================
Received Import Request.
  Time since last request: 5.372544 seconds.
  path: Assets/Packages/SazenGames/Skeleton/Prefabs/Skeleton_110.prefab
  artifactKey: Guid(61b3e3801d56a3f429556c96ea2f07d6) Importer(2089858483,b0f066a214c2f5e87bad3c948f4d605d)
Start importing Assets/Packages/SazenGames/Skeleton/Prefabs/Skeleton_110.prefab using Guid(61b3e3801d56a3f429556c96ea2f07d6) Importer(2089858483,b0f066a214c2f5e87bad3c948f4d605d) (ScriptedImporter) -> (artifact id: 'e544f1f19a938bd2e0c8222eae8011d5') in 0.0276162 seconds
Number of updated asset objects reloaded before import = 0Number of asset objects unloaded after import = 354

========================================================================
Received Import Request.
  Time since last request: 6.077653 seconds.
  path: Assets/Packages/SazenGames/Skeleton/Prefabs/Skeleton_110.prefab
  artifactKey: Guid(61b3e3801d56a3f429556c96ea2f07d6) Importer(2089858483,b0f066a214c2f5e87bad3c948f4d605d)
Start importing Assets/Packages/SazenGames/Skeleton/Prefabs/Skeleton_110.prefab using Guid(61b3e3801d56a3f429556c96ea2f07d6) Importer(2089858483,b0f066a214c2f5e87bad3c948f4d605d) (ScriptedImporter) -> (artifact id: '7116ab55ca1380a953498c3d0270f65d') in 0.0232511 seconds
Number of updated asset objects reloaded before import = 0Number of asset objects unloaded after import = 354

========================================================================
Received Import Request.
  Time since last request: 13.468385 seconds.
  path: Assets/Packages/SazenGames/Skeleton/Prefabs/Skeleton_110.prefab
  artifactKey: Guid(61b3e3801d56a3f429556c96ea2f07d6) Importer(2089858483,b0f066a214c2f5e87bad3c948f4d605d)
Start importing Assets/Packages/SazenGames/Skeleton/Prefabs/Skeleton_110.prefab using Guid(61b3e3801d56a3f429556c96ea2f07d6) Importer(2089858483,b0f066a214c2f5e87bad3c948f4d605d) (ScriptedImporter) -> (artifact id: 'd7b52e23e3d2d2b83dcb8c082bb21337') in 0.0235769 seconds
Number of updated asset objects reloaded before import = 0Number of asset objects unloaded after import = 354

========================================================================
Received Import Request.
  Time since last request: 4.557087 seconds.
  path: Assets/Packages/SazenGames/Skeleton/Prefabs/Skeleton_110.prefab
  artifactKey: Guid(61b3e3801d56a3f429556c96ea2f07d6) Importer(2089858483,b0f066a214c2f5e87bad3c948f4d605d)
Start importing Assets/Packages/SazenGames/Skeleton/Prefabs/Skeleton_110.prefab using Guid(61b3e3801d56a3f429556c96ea2f07d6) Importer(2089858483,b0f066a214c2f5e87bad3c948f4d605d) (ScriptedImporter) -> (artifact id: '9c5249c35bb3350b8729119852c2d943') in 0.0260003 seconds
Number of updated asset objects reloaded before import = 0Number of asset objects unloaded after import = 354

========================================================================
Received Import Request.
  Time since last request: 2.352747 seconds.
  path: Assets/Packages/SazenGames/Skeleton/Prefabs/Skeleton_110.prefab
  artifactKey: Guid(61b3e3801d56a3f429556c96ea2f07d6) Importer(2089858483,b0f066a214c2f5e87bad3c948f4d605d)
Start importing Assets/Packages/SazenGames/Skeleton/Prefabs/Skeleton_110.prefab using Guid(61b3e3801d56a3f429556c96ea2f07d6) Importer(2089858483,b0f066a214c2f5e87bad3c948f4d605d) (ScriptedImporter) -> (artifact id: 'f281db4a810d066af5105f2bcab781d1') in 0.0273758 seconds
Number of updated asset objects reloaded before import = 0Number of asset objects unloaded after import = 354

========================================================================
Received Import Request.
  Time since last request: 4.158219 seconds.
  path: Assets/Packages/SazenGames/Skeleton/Prefabs/Skeleton_110.prefab
  artifactKey: Guid(61b3e3801d56a3f429556c96ea2f07d6) Importer(2089858483,b0f066a214c2f5e87bad3c948f4d605d)
Start importing Assets/Packages/SazenGames/Skeleton/Prefabs/Skeleton_110.prefab using Guid(61b3e3801d56a3f429556c96ea2f07d6) Importer(2089858483,b0f066a214c2f5e87bad3c948f4d605d) (ScriptedImporter) -> (artifact id: '6c2a7ebae023b2e7c540909a086cdb36') in 0.02438 seconds
Number of updated asset objects reloaded before import = 0Number of asset objects unloaded after import = 354

========================================================================
Received Import Request.
  Time since last request: 11.837686 seconds.
  path: Assets/Packages/SazenGames/Skeleton/Prefabs/Skeleton_110.prefab
  artifactKey: Guid(61b3e3801d56a3f429556c96ea2f07d6) Importer(2089858483,b0f066a214c2f5e87bad3c948f4d605d)
Start importing Assets/Packages/SazenGames/Skeleton/Prefabs/Skeleton_110.prefab using Guid(61b3e3801d56a3f429556c96ea2f07d6) Importer(2089858483,b0f066a214c2f5e87bad3c948f4d605d) (ScriptedImporter) -> (artifact id: '46c3e434340e02b0b9b394936bf6208d') in 0.0271287 seconds
Number of updated asset objects reloaded before import = 0Number of asset objects unloaded after import = 354

========================================================================
Received Prepare
Begin MonoManager ReloadAssembly
[Licensing::Client] Successfully resolved entitlement details
- Loaded All Assemblies, in  1.211 seconds
Refreshing native plugins compatible for Editor in 2.47 ms, found 3 plugins.
Native extension for WindowsStandalone target not found
Native extension for WebGL target not found
[Package Manager] Failed to launch server process. Reason: Unity was launched with the -noUpm command-line argument
[Package Manager] Unable to send message (not connected to server process).
[Package Manager] Cannot connect to Unity Package Manager local server
[Package Manager] Failed to launch server process. Reason: Unity was launched with the -noUpm command-line argument
[Package Manager] Unable to send message (not connected to server process).
[Package Manager] Cannot connect to Unity Package Manager local server
ScheduleIndexationOnStartup MainProcess:False IndexOnStartup:True
Mono: successfully reloaded assembly
- Finished resetting the current domain, in  1.096 seconds
Domain Reload Profiling: 2301ms
	BeginReloadAssembly (331ms)
		ExecutionOrderSort (0ms)
		DisableScriptedObjects (28ms)
		BackupInstance (0ms)
		ReleaseScriptingObjects (0ms)
		CreateAndSetChildDomain (70ms)
	RebuildCommonClasses (47ms)
	RebuildNativeTypeToScriptingClass (24ms)
	initialDomainReloadingComplete (63ms)
	LoadAllAssembliesAndSetupDomain (738ms)
		LoadAssemblies (629ms)
		RebuildTransferFunctionScriptingTraits (0ms)
		AnalyzeDomain (266ms)
			TypeCache.Refresh (8ms)
				TypeCache.ScanAssembly (0ms)
			BuildScriptInfoCaches (234ms)
			ResolveRequiredComponents (16ms)
	FinalizeReload (1097ms)
		ReleaseScriptCaches (0ms)
		RebuildScriptCaches (0ms)
		SetupLoadedEditorAssemblies (834ms)
			LogAssemblyErrors (0ms)
			InitializePlatformSupportModulesInManaged (3ms)
			SetLoadedEditorAssemblies (6ms)
			BeforeProcessingInitializeOnLoad (186ms)
			ProcessInitializeOnLoadAttributes (513ms)
			ProcessInitializeOnLoadMethodAttributes (114ms)
			AfterProcessingInitializeOnLoad (12ms)
			EditorAssembliesLoaded (1ms)
		ExecutionOrderSort2 (0ms)
		AwakeInstancesAfterBackupRestoration (28ms)
Refreshing native plugins compatible for Editor in 2.17 ms, found 3 plugins.
Preloading 0 native plugins for Editor in 0.00 ms.
Unloading 16 Unused Serialized files (Serialized files now loaded: 0)
Unloading 6285 unused Assets / (4.4 MB). Loaded Objects now: 7223.
Memory consumption went from 162.1 MB to 157.7 MB.
Total: 15.863400 ms (FindLiveObjects: 1.382800 ms CreateObjectMapping: 2.439600 ms MarkObjects: 7.920700 ms  DeleteObjects: 4.117500 ms)

Prepare: number of updated asset objects reloaded= 0
========================================================================
Received Import Request.
  Time since last request: 20.173946 seconds.
  path: Assets/Packages/SazenGames/Skeleton/Demo/Demo.unity
  artifactKey: Guid(3eefb1fce571e3246ac829b90302672d) Importer(815301076,1909f56bfc062723c751e8b465ee728b)
Start importing Assets/Packages/SazenGames/Skeleton/Demo/Demo.unity using Guid(3eefb1fce571e3246ac829b90302672d) Importer(815301076,1909f56bfc062723c751e8b465ee728b) (PreviewImporter) -> (artifact id: '4784cd62e033d241f9cd23cfd4f01937') in 0.0023833 seconds
Number of updated asset objects reloaded before import = 0Number of asset objects unloaded after import = 0

========================================================================
Received Prepare
Begin MonoManager ReloadAssembly
- Loaded All Assemblies, in  1.065 seconds
Refreshing native plugins compatible for Editor in 1.70 ms, found 3 plugins.
Native extension for WindowsStandalone target not found
Native extension for WebGL target not found
[Package Manager] Failed to launch server process. Reason: Unity was launched with the -noUpm command-line argument
[Package Manager] Unable to send message (not connected to server process).
[Package Manager] Cannot connect to Unity Package Manager local server
[Package Manager] Failed to launch server process. Reason: Unity was launched with the -noUpm command-line argument
[Package Manager] Unable to send message (not connected to server process).
[Package Manager] Cannot connect to Unity Package Manager local server
ScheduleIndexationOnStartup MainProcess:False IndexOnStartup:True
Mono: successfully reloaded assembly
- Finished resetting the current domain, in  1.039 seconds
Domain Reload Profiling: 2100ms
	BeginReloadAssembly (270ms)
		ExecutionOrderSort (0ms)
		DisableScriptedObjects (8ms)
		BackupInstance (0ms)
		ReleaseScriptingObjects (0ms)
		CreateAndSetChildDomain (55ms)
	RebuildCommonClasses (48ms)
	RebuildNativeTypeToScriptingClass (19ms)
	initialDomainReloadingComplete (42ms)
	LoadAllAssembliesAndSetupDomain (681ms)
		LoadAssemblies (546ms)
		RebuildTransferFunctionScriptingTraits (0ms)
		AnalyzeDomain (263ms)
			TypeCache.Refresh (8ms)
				TypeCache.ScanAssembly (0ms)
			BuildScriptInfoCaches (235ms)
			ResolveRequiredComponents (13ms)
	FinalizeReload (1039ms)
		ReleaseScriptCaches (0ms)
		RebuildScriptCaches (0ms)
		SetupLoadedEditorAssemblies (803ms)
			LogAssemblyErrors (0ms)
			InitializePlatformSupportModulesInManaged (4ms)
			SetLoadedEditorAssemblies (8ms)
			BeforeProcessingInitializeOnLoad (180ms)
			ProcessInitializeOnLoadAttributes (492ms)
			ProcessInitializeOnLoadMethodAttributes (105ms)
			AfterProcessingInitializeOnLoad (14ms)
			EditorAssembliesLoaded (0ms)
		ExecutionOrderSort2 (0ms)
		AwakeInstancesAfterBackupRestoration (29ms)
Refreshing native plugins compatible for Editor in 2.62 ms, found 3 plugins.
Preloading 0 native plugins for Editor in 0.00 ms.
Unloading 16 Unused Serialized files (Serialized files now loaded: 0)
Unloading 6284 unused Assets / (4.1 MB). Loaded Objects now: 7226.
Memory consumption went from 162.0 MB to 157.8 MB.
Total: 15.764900 ms (FindLiveObjects: 1.568200 ms CreateObjectMapping: 2.168000 ms MarkObjects: 7.961000 ms  DeleteObjects: 4.065400 ms)

Prepare: number of updated asset objects reloaded= 0
========================================================================
Received Import Request.
  Time since last request: 29.059411 seconds.
  path: Assets/Packages/SazenGames/Skeleton/Prefabs/Skeleton_110.prefab
  artifactKey: Guid(61b3e3801d56a3f429556c96ea2f07d6) Importer(815301076,1909f56bfc062723c751e8b465ee728b)
Start importing Assets/Packages/SazenGames/Skeleton/Prefabs/Skeleton_110.prefab using Guid(61b3e3801d56a3f429556c96ea2f07d6) Importer(815301076,1909f56bfc062723c751e8b465ee728b) (PreviewImporter) -> (artifact id: '820ebf589a763102cd6c4b4a04fc4084') in 0.5758905 seconds
Number of updated asset objects reloaded before import = 0Number of asset objects unloaded after import = 380

========================================================================
Received Import Request.
  Time since last request: 3.955382 seconds.
  path: Assets/Packages/SazenGames/Skeleton/Prefabs/Skeleton_110 1.prefab
  artifactKey: Guid(ebf1576a44ed1f8488229ad3f90dc01d) Importer(815301076,1909f56bfc062723c751e8b465ee728b)
Start importing Assets/Packages/SazenGames/Skeleton/Prefabs/Skeleton_110 1.prefab using Guid(ebf1576a44ed1f8488229ad3f90dc01d) Importer(815301076,1909f56bfc062723c751e8b465ee728b) (PreviewImporter) -> (artifact id: 'ee628dc29920498b1433c111e4a4c670') in 0.0269331 seconds
Number of updated asset objects reloaded before import = 0Number of asset objects unloaded after import = 380

========================================================================
Received Import Request.
  Time since last request: 0.000040 seconds.
  path: Assets/Packages/SazenGames/Skeleton/Prefabs/Skeleton_110.prefab
  artifactKey: Guid(61b3e3801d56a3f429556c96ea2f07d6) Importer(815301076,1909f56bfc062723c751e8b465ee728b)
Start importing Assets/Packages/SazenGames/Skeleton/Prefabs/Skeleton_110.prefab using Guid(61b3e3801d56a3f429556c96ea2f07d6) Importer(815301076,1909f56bfc062723c751e8b465ee728b) (PreviewImporter) -> (artifact id: 'b2efaa1d6a12f2c5129634c35c9e431f') in 0.0285063 seconds
Number of updated asset objects reloaded before import = 0Number of asset objects unloaded after import = 380

========================================================================
Received Import Request.
  Time since last request: 10.887515 seconds.
  path: Assets/Packages/SazenGames/Skeleton/Prefabs/Skeleton_110.prefab
  artifactKey: Guid(61b3e3801d56a3f429556c96ea2f07d6) Importer(815301076,1909f56bfc062723c751e8b465ee728b)
Start importing Assets/Packages/SazenGames/Skeleton/Prefabs/Skeleton_110.prefab using Guid(61b3e3801d56a3f429556c96ea2f07d6) Importer(815301076,1909f56bfc062723c751e8b465ee728b) (PreviewImporter) -> (artifact id: 'b919b514d85010a7c9b53f712d647557') in 0.0325464 seconds
Number of updated asset objects reloaded before import = 0Number of asset objects unloaded after import = 361

========================================================================
Received Import Request.
  Time since last request: 24.405848 seconds.
  path: Assets/Packages/SazenGames/Skeleton/Prefabs/Skeleton_Lightning.prefab
  artifactKey: Guid(61b3e3801d56a3f429556c96ea2f07d6) Importer(815301076,1909f56bfc062723c751e8b465ee728b)
Start importing Assets/Packages/SazenGames/Skeleton/Prefabs/Skeleton_Lightning.prefab using Guid(61b3e3801d56a3f429556c96ea2f07d6) Importer(815301076,1909f56bfc062723c751e8b465ee728b) (PreviewImporter) -> (artifact id: '24ec6bb676e1d26fbc4b8c3b3d2e530e') in 0.0239537 seconds
Number of updated asset objects reloaded before import = 0Number of asset objects unloaded after import = 361

========================================================================
Received Import Request.
  Time since last request: 9.221720 seconds.
  path: Assets/Packages/UndeadAsset/Prefabs/Weapons/StaffLich.prefab
  artifactKey: Guid(d4e25fa50886fa34e8dc1f2376a35703) Importer(815301076,1909f56bfc062723c751e8b465ee728b)
Start importing Assets/Packages/UndeadAsset/Prefabs/Weapons/StaffLich.prefab using Guid(d4e25fa50886fa34e8dc1f2376a35703) Importer(815301076,1909f56bfc062723c751e8b465ee728b) (PreviewImporter) -> (artifact id: '89892591cd11bd8f2b455538f66b4c58') in 0.0148879 seconds
Number of updated asset objects reloaded before import = 0Number of asset objects unloaded after import = 9

========================================================================
Received Import Request.
  Time since last request: 0.000038 seconds.
  path: Assets/Packages/UndeadAsset/Prefabs/Weapons/StaffPriest.prefab
  artifactKey: Guid(addae68ef48bf4c4487e95874f9c26c6) Importer(815301076,1909f56bfc062723c751e8b465ee728b)
Start importing Assets/Packages/UndeadAsset/Prefabs/Weapons/StaffPriest.prefab using Guid(addae68ef48bf4c4487e95874f9c26c6) Importer(815301076,1909f56bfc062723c751e8b465ee728b) (PreviewImporter) -> (artifact id: '9635e873c5c12b8b1474ba2155aee209') in 0.0239779 seconds
Number of updated asset objects reloaded before import = 0Number of asset objects unloaded after import = 9

========================================================================
Received Import Request.
  Time since last request: 25.559749 seconds.
  path: Assets/Packages/SazenGames/Skeleton/Prefabs/Skeleton_110 1.prefab
  artifactKey: Guid(ebf1576a44ed1f8488229ad3f90dc01d) Importer(815301076,1909f56bfc062723c751e8b465ee728b)
Start importing Assets/Packages/SazenGames/Skeleton/Prefabs/Skeleton_110 1.prefab using Guid(ebf1576a44ed1f8488229ad3f90dc01d) Importer(815301076,1909f56bfc062723c751e8b465ee728b) (PreviewImporter) -> (artifact id: '5af4f82cb304810803962bcc51946315') in 0.0362066 seconds
Number of updated asset objects reloaded before import = 0Number of asset objects unloaded after import = 402

========================================================================
Received Import Request.
  Time since last request: 9.579001 seconds.
  path: Assets/Packages/SazenGames/Skeleton/Prefabs/Skeleton_110 1.prefab
  artifactKey: Guid(ebf1576a44ed1f8488229ad3f90dc01d) Importer(815301076,1909f56bfc062723c751e8b465ee728b)
Start importing Assets/Packages/SazenGames/Skeleton/Prefabs/Skeleton_110 1.prefab using Guid(ebf1576a44ed1f8488229ad3f90dc01d) Importer(815301076,1909f56bfc062723c751e8b465ee728b) (PreviewImporter) -> (artifact id: '3bf4abd1436d877facb03873cfd7aed7') in 0.0364609 seconds
Number of updated asset objects reloaded before import = 0Number of asset objects unloaded after import = 402

========================================================================
Received Import Request.
  Time since last request: 1.307847 seconds.
  path: Assets/Packages/SazenGames/Skeleton/Prefabs/Skeleton_110 1.prefab
  artifactKey: Guid(ebf1576a44ed1f8488229ad3f90dc01d) Importer(815301076,1909f56bfc062723c751e8b465ee728b)
Start importing Assets/Packages/SazenGames/Skeleton/Prefabs/Skeleton_110 1.prefab using Guid(ebf1576a44ed1f8488229ad3f90dc01d) Importer(815301076,1909f56bfc062723c751e8b465ee728b) (PreviewImporter) -> (artifact id: '8c7a4c235bdd9c5c789546f4d3d9456d') in 0.039575 seconds
Number of updated asset objects reloaded before import = 0Number of asset objects unloaded after import = 402

========================================================================
Received Import Request.
  Time since last request: 2.921253 seconds.
  path: Assets/Packages/SazenGames/Skeleton/Prefabs/Skeleton_110 1.prefab
  artifactKey: Guid(ebf1576a44ed1f8488229ad3f90dc01d) Importer(815301076,1909f56bfc062723c751e8b465ee728b)
Start importing Assets/Packages/SazenGames/Skeleton/Prefabs/Skeleton_110 1.prefab using Guid(ebf1576a44ed1f8488229ad3f90dc01d) Importer(815301076,1909f56bfc062723c751e8b465ee728b) (PreviewImporter) -> (artifact id: '6b47ec78acabac847c77169813e40808') in 0.0398021 seconds
Number of updated asset objects reloaded before import = 0Number of asset objects unloaded after import = 402

========================================================================
Received Import Request.
  Time since last request: 1.301006 seconds.
  path: Assets/Packages/SazenGames/Skeleton/Prefabs/Skeleton_110 1.prefab
  artifactKey: Guid(ebf1576a44ed1f8488229ad3f90dc01d) Importer(815301076,1909f56bfc062723c751e8b465ee728b)
Start importing Assets/Packages/SazenGames/Skeleton/Prefabs/Skeleton_110 1.prefab using Guid(ebf1576a44ed1f8488229ad3f90dc01d) Importer(815301076,1909f56bfc062723c751e8b465ee728b) (PreviewImporter) -> (artifact id: 'd3817d990fa61a54d2973f77c37341bd') in 0.0307433 seconds
Number of updated asset objects reloaded before import = 0Number of asset objects unloaded after import = 391

========================================================================
Received Import Request.
  Time since last request: 0.708328 seconds.
  path: Assets/Packages/SazenGames/Skeleton/Prefabs/Skeleton_110 1.prefab
  artifactKey: Guid(ebf1576a44ed1f8488229ad3f90dc01d) Importer(815301076,1909f56bfc062723c751e8b465ee728b)
Start importing Assets/Packages/SazenGames/Skeleton/Prefabs/Skeleton_110 1.prefab using Guid(ebf1576a44ed1f8488229ad3f90dc01d) Importer(815301076,1909f56bfc062723c751e8b465ee728b) (PreviewImporter) -> (artifact id: '408c503e34b67abffb2c287aa4622bff') in 0.0351398 seconds
Number of updated asset objects reloaded before import = 0Number of asset objects unloaded after import = 372

========================================================================
Received Import Request.
  Time since last request: 3.338981 seconds.
  path: Assets/Packages/SazenGames/Skeleton/Prefabs/Skeleton_110 1.prefab
  artifactKey: Guid(ebf1576a44ed1f8488229ad3f90dc01d) Importer(815301076,1909f56bfc062723c751e8b465ee728b)
Start importing Assets/Packages/SazenGames/Skeleton/Prefabs/Skeleton_110 1.prefab using Guid(ebf1576a44ed1f8488229ad3f90dc01d) Importer(815301076,1909f56bfc062723c751e8b465ee728b) (PreviewImporter) -> (artifact id: 'f26b7982a2b5eb34768968de47ce4fa4') in 0.0316822 seconds
Number of updated asset objects reloaded before import = 0Number of asset objects unloaded after import = 372

========================================================================
Received Import Request.
  Time since last request: 1.306496 seconds.
  path: Assets/Packages/SazenGames/Skeleton/Prefabs/Skeleton_110 1.prefab
  artifactKey: Guid(ebf1576a44ed1f8488229ad3f90dc01d) Importer(815301076,1909f56bfc062723c751e8b465ee728b)
Start importing Assets/Packages/SazenGames/Skeleton/Prefabs/Skeleton_110 1.prefab using Guid(ebf1576a44ed1f8488229ad3f90dc01d) Importer(815301076,1909f56bfc062723c751e8b465ee728b) (PreviewImporter) -> (artifact id: '7a00df3e94a0805329d93cbb6876875a') in 0.0337368 seconds
Number of updated asset objects reloaded before import = 0Number of asset objects unloaded after import = 372

========================================================================
Received Import Request.
  Time since last request: 9.027930 seconds.
  path: Assets/Packages/SazenGames/Skeleton/Prefabs/Skeleton_110 1.prefab
  artifactKey: Guid(ebf1576a44ed1f8488229ad3f90dc01d) Importer(815301076,1909f56bfc062723c751e8b465ee728b)
Start importing Assets/Packages/SazenGames/Skeleton/Prefabs/Skeleton_110 1.prefab using Guid(ebf1576a44ed1f8488229ad3f90dc01d) Importer(815301076,1909f56bfc062723c751e8b465ee728b) (PreviewImporter) -> (artifact id: 'e80140949b42ccf33dfcf8eac00e80a4') in 0.0324323 seconds
Number of updated asset objects reloaded before import = 0Number of asset objects unloaded after import = 372

========================================================================
Received Import Request.
  Time since last request: 4.814311 seconds.
  path: Assets/Packages/SazenGames/Skeleton/Prefabs/Skeleton_110 1.prefab
  artifactKey: Guid(ebf1576a44ed1f8488229ad3f90dc01d) Importer(815301076,1909f56bfc062723c751e8b465ee728b)
Start importing Assets/Packages/SazenGames/Skeleton/Prefabs/Skeleton_110 1.prefab using Guid(ebf1576a44ed1f8488229ad3f90dc01d) Importer(815301076,1909f56bfc062723c751e8b465ee728b) (PreviewImporter) -> (artifact id: '087ce693090047d1d44f0e80313e3619') in 0.0333269 seconds
Number of updated asset objects reloaded before import = 0Number of asset objects unloaded after import = 372

========================================================================
Received Import Request.
  Time since last request: 4.791057 seconds.
  path: Assets/Packages/SazenGames/Skeleton/Prefabs/Skeleton_110 1.prefab
  artifactKey: Guid(ebf1576a44ed1f8488229ad3f90dc01d) Importer(815301076,1909f56bfc062723c751e8b465ee728b)
Start importing Assets/Packages/SazenGames/Skeleton/Prefabs/Skeleton_110 1.prefab using Guid(ebf1576a44ed1f8488229ad3f90dc01d) Importer(815301076,1909f56bfc062723c751e8b465ee728b) (PreviewImporter) -> (artifact id: '2f5a094187351b4d1c83d759417a1d2e') in 0.0255513 seconds
Number of updated asset objects reloaded before import = 0Number of asset objects unloaded after import = 372

========================================================================
Received Import Request.
  Time since last request: 6.814552 seconds.
  path: Assets/Packages/SazenGames/Skeleton/Prefabs/Skeleton_110 1.prefab
  artifactKey: Guid(ebf1576a44ed1f8488229ad3f90dc01d) Importer(815301076,1909f56bfc062723c751e8b465ee728b)
Start importing Assets/Packages/SazenGames/Skeleton/Prefabs/Skeleton_110 1.prefab using Guid(ebf1576a44ed1f8488229ad3f90dc01d) Importer(815301076,1909f56bfc062723c751e8b465ee728b) (PreviewImporter) -> (artifact id: '8e615723b3356484753b43c0ed2136d4') in 0.0330061 seconds
Number of updated asset objects reloaded before import = 0Number of asset objects unloaded after import = 372

========================================================================
Received Import Request.
  Time since last request: 4.822344 seconds.
  path: Assets/Packages/SazenGames/Skeleton/Prefabs/Skeleton_110 1.prefab
  artifactKey: Guid(ebf1576a44ed1f8488229ad3f90dc01d) Importer(815301076,1909f56bfc062723c751e8b465ee728b)
Start importing Assets/Packages/SazenGames/Skeleton/Prefabs/Skeleton_110 1.prefab using Guid(ebf1576a44ed1f8488229ad3f90dc01d) Importer(815301076,1909f56bfc062723c751e8b465ee728b) (PreviewImporter) -> (artifact id: '7677a0924577847a136767b265546616') in 0.0310294 seconds
Number of updated asset objects reloaded before import = 0Number of asset objects unloaded after import = 372

========================================================================
Received Import Request.
  Time since last request: 2.100814 seconds.
  path: Assets/Packages/SazenGames/Skeleton/Prefabs/Skeleton_110 1.prefab
  artifactKey: Guid(ebf1576a44ed1f8488229ad3f90dc01d) Importer(815301076,1909f56bfc062723c751e8b465ee728b)
Start importing Assets/Packages/SazenGames/Skeleton/Prefabs/Skeleton_110 1.prefab using Guid(ebf1576a44ed1f8488229ad3f90dc01d) Importer(815301076,1909f56bfc062723c751e8b465ee728b) (PreviewImporter) -> (artifact id: '41e25ebcba2a21973d7bc2f78ca06215') in 0.033842 seconds
Number of updated asset objects reloaded before import = 0Number of asset objects unloaded after import = 361

========================================================================
Received Import Request.
  Time since last request: 15.763240 seconds.
  path: Assets/Packages/SazenGames/Skeleton/Prefabs/Skeleton_Fire.prefab
  artifactKey: Guid(ebf1576a44ed1f8488229ad3f90dc01d) Importer(815301076,1909f56bfc062723c751e8b465ee728b)
Start importing Assets/Packages/SazenGames/Skeleton/Prefabs/Skeleton_Fire.prefab using Guid(ebf1576a44ed1f8488229ad3f90dc01d) Importer(815301076,1909f56bfc062723c751e8b465ee728b) (PreviewImporter) -> (artifact id: '14f0b36211acd480d78b95b0aaeb15d6') in 0.0315004 seconds
Number of updated asset objects reloaded before import = 0Number of asset objects unloaded after import = 361

========================================================================
Received Import Request.
  Time since last request: 147.093339 seconds.
  path: Assets/Scripts/ReactiveTarget4.cs
  artifactKey: Guid(90df2c0aedcaa6f41ac9eeb345faee45) Importer(815301076,1909f56bfc062723c751e8b465ee728b)
Start importing Assets/Scripts/ReactiveTarget4.cs using Guid(90df2c0aedcaa6f41ac9eeb345faee45) Importer(815301076,1909f56bfc062723c751e8b465ee728b) (PreviewImporter) -> (artifact id: '646d2c6195a5eb0ae2ae83fd377984f1') in 0.0011066 seconds
Number of updated asset objects reloaded before import = 0Number of asset objects unloaded after import = 0

========================================================================
Received Import Request.
  Time since last request: 42.583622 seconds.
  path: Assets/Packages/SazenGames/Skeleton/Prefabs/Skeleton_Lightning.prefab
  artifactKey: Guid(61b3e3801d56a3f429556c96ea2f07d6) Importer(815301076,1909f56bfc062723c751e8b465ee728b)
Start importing Assets/Packages/SazenGames/Skeleton/Prefabs/Skeleton_Lightning.prefab using Guid(61b3e3801d56a3f429556c96ea2f07d6) Importer(815301076,1909f56bfc062723c751e8b465ee728b) (PreviewImporter) -> (artifact id: '269b0e451d6a6158ceb87b6924128c3e') in 0.0355348 seconds
Number of updated asset objects reloaded before import = 0Number of asset objects unloaded after import = 361

========================================================================
Received Import Request.
  Time since last request: 63.785969 seconds.
  path: Assets/Packages/SazenGames/Skeleton/Prefabs/Skeleton_Lightning.prefab
  artifactKey: Guid(61b3e3801d56a3f429556c96ea2f07d6) Importer(815301076,1909f56bfc062723c751e8b465ee728b)
Start importing Assets/Packages/SazenGames/Skeleton/Prefabs/Skeleton_Lightning.prefab using Guid(61b3e3801d56a3f429556c96ea2f07d6) Importer(815301076,1909f56bfc062723c751e8b465ee728b) (PreviewImporter) -> (artifact id: '0702a69197268df63b62fea749cfb9f4') in 0.028893 seconds
Number of updated asset objects reloaded before import = 0Number of asset objects unloaded after import = 362

========================================================================
Received Import Request.
  Time since last request: 5.005031 seconds.
  path: Assets/Packages/SazenGames/Skeleton/Prefabs/Skeleton_Fire.prefab
  artifactKey: Guid(ebf1576a44ed1f8488229ad3f90dc01d) Importer(815301076,1909f56bfc062723c751e8b465ee728b)
Start importing Assets/Packages/SazenGames/Skeleton/Prefabs/Skeleton_Fire.prefab using Guid(ebf1576a44ed1f8488229ad3f90dc01d) Importer(815301076,1909f56bfc062723c751e8b465ee728b) (PreviewImporter) -> (artifact id: '6707236e50775e0b6bd425fa6be874a5') in 0.0289231 seconds
Number of updated asset objects reloaded before import = 0Number of asset objects unloaded after import = 362

========================================================================
Received Import Request.
  Time since last request: 24.250834 seconds.
  path: Assets/Packages/SazenGames/Skeleton/Prefabs/Skeleton_Fire.prefab
  artifactKey: Guid(ebf1576a44ed1f8488229ad3f90dc01d) Importer(815301076,1909f56bfc062723c751e8b465ee728b)
Start importing Assets/Packages/SazenGames/Skeleton/Prefabs/Skeleton_Fire.prefab using Guid(ebf1576a44ed1f8488229ad3f90dc01d) Importer(815301076,1909f56bfc062723c751e8b465ee728b) (PreviewImporter) -> (artifact id: '5c4fd82b27f52ca6146452974802d9b6') in 0.0274936 seconds
Number of updated asset objects reloaded before import = 0Number of asset objects unloaded after import = 363

========================================================================
Received Import Request.
  Time since last request: 9.259628 seconds.
  path: Assets/Packages/SazenGames/Skeleton/Prefabs/Skeleton_Fire.prefab
  artifactKey: Guid(ebf1576a44ed1f8488229ad3f90dc01d) Importer(815301076,1909f56bfc062723c751e8b465ee728b)
Start importing Assets/Packages/SazenGames/Skeleton/Prefabs/Skeleton_Fire.prefab using Guid(ebf1576a44ed1f8488229ad3f90dc01d) Importer(815301076,1909f56bfc062723c751e8b465ee728b) (PreviewImporter) -> (artifact id: '9abf24cfaddaa56de39801970d007dd6') in 0.0248927 seconds
Number of updated asset objects reloaded before import = 0Number of asset objects unloaded after import = 363

========================================================================
Received Import Request.
  Time since last request: 21.522108 seconds.
  path: Assets/Packages/SazenGames/Skeleton/Prefabs/Skeleton_Fire.prefab
  artifactKey: Guid(ebf1576a44ed1f8488229ad3f90dc01d) Importer(815301076,1909f56bfc062723c751e8b465ee728b)
Start importing Assets/Packages/SazenGames/Skeleton/Prefabs/Skeleton_Fire.prefab using Guid(ebf1576a44ed1f8488229ad3f90dc01d) Importer(815301076,1909f56bfc062723c751e8b465ee728b) (PreviewImporter) -> (artifact id: '073e202bb1c46ded2f642e4d6e2e32c0') in 0.0267806 seconds
Number of updated asset objects reloaded before import = 0Number of asset objects unloaded after import = 363

========================================================================
Received Import Request.
  Time since last request: 17.650512 seconds.
  path: Assets/Packages/SazenGames/Skeleton/Prefabs/Skeleton_Fire.prefab
  artifactKey: Guid(ebf1576a44ed1f8488229ad3f90dc01d) Importer(815301076,1909f56bfc062723c751e8b465ee728b)
Start importing Assets/Packages/SazenGames/Skeleton/Prefabs/Skeleton_Fire.prefab using Guid(ebf1576a44ed1f8488229ad3f90dc01d) Importer(815301076,1909f56bfc062723c751e8b465ee728b) (PreviewImporter) -> (artifact id: 'ab9dbf4e02a37139d9aa109963214476') in 0.0256441 seconds
Number of updated asset objects reloaded before import = 0Number of asset objects unloaded after import = 362

========================================================================
Received Import Request.
  Time since last request: 3.563629 seconds.
  path: Assets/Packages/SazenGames/Skeleton/Prefabs/Skeleton_Fire.prefab
  artifactKey: Guid(ebf1576a44ed1f8488229ad3f90dc01d) Importer(815301076,1909f56bfc062723c751e8b465ee728b)
Start importing Assets/Packages/SazenGames/Skeleton/Prefabs/Skeleton_Fire.prefab using Guid(ebf1576a44ed1f8488229ad3f90dc01d) Importer(815301076,1909f56bfc062723c751e8b465ee728b) (PreviewImporter) -> (artifact id: '27b3ce2b43e6774623b5ca2eb25fd18f') in 0.0272549 seconds
Number of updated asset objects reloaded before import = 0Number of asset objects unloaded after import = 363

========================================================================
Received Import Request.
  Time since last request: 4.491718 seconds.
  path: Assets/Packages/SazenGames/Skeleton/Prefabs/Skeleton_Lightning.prefab
  artifactKey: Guid(61b3e3801d56a3f429556c96ea2f07d6) Importer(815301076,1909f56bfc062723c751e8b465ee728b)
Start importing Assets/Packages/SazenGames/Skeleton/Prefabs/Skeleton_Lightning.prefab using Guid(61b3e3801d56a3f429556c96ea2f07d6) Importer(815301076,1909f56bfc062723c751e8b465ee728b) (PreviewImporter) -> (artifact id: '6f27f2e15fe87ecb3243b206b6348205') in 0.0294781 seconds
Number of updated asset objects reloaded before import = 0Number of asset objects unloaded after import = 363

========================================================================
Received Import Request.
  Time since last request: 3.532789 seconds.
  path: Assets/Packages/SazenGames/Skeleton/Prefabs/Skeleton_Lightning.prefab
  artifactKey: Guid(61b3e3801d56a3f429556c96ea2f07d6) Importer(815301076,1909f56bfc062723c751e8b465ee728b)
Start importing Assets/Packages/SazenGames/Skeleton/Prefabs/Skeleton_Lightning.prefab using Guid(61b3e3801d56a3f429556c96ea2f07d6) Importer(815301076,1909f56bfc062723c751e8b465ee728b) (PreviewImporter) -> (artifact id: 'e2781f03cd2b3e2db3e7c035f25a25d2') in 0.0245843 seconds
Number of updated asset objects reloaded before import = 0Number of asset objects unloaded after import = 363

========================================================================
Received Import Request.
  Time since last request: 3.507675 seconds.
  path: Assets/Packages/SazenGames/Skeleton/Prefabs/Skeleton_Fire.prefab
  artifactKey: Guid(ebf1576a44ed1f8488229ad3f90dc01d) Importer(815301076,1909f56bfc062723c751e8b465ee728b)
Start importing Assets/Packages/SazenGames/Skeleton/Prefabs/Skeleton_Fire.prefab using Guid(ebf1576a44ed1f8488229ad3f90dc01d) Importer(815301076,1909f56bfc062723c751e8b465ee728b) (PreviewImporter) -> (artifact id: '0eb08686771eae0bdd3f64892b081ea3') in 0.0254155 seconds
Number of updated asset objects reloaded before import = 0Number of asset objects unloaded after import = 363

========================================================================
Received Prepare
Begin MonoManager ReloadAssembly
[Licensing::Client] Successfully resolved entitlement details
- Loaded All Assemblies, in  1.082 seconds
Refreshing native plugins compatible for Editor in 1.73 ms, found 3 plugins.
Native extension for WindowsStandalone target not found
Native extension for WebGL target not found
[Package Manager] Failed to launch server process. Reason: Unity was launched with the -noUpm command-line argument
[Package Manager] Unable to send message (not connected to server process).
[Package Manager] Cannot connect to Unity Package Manager local server
[Package Manager] Failed to launch server process. Reason: Unity was launched with the -noUpm command-line argument
[Package Manager] Unable to send message (not connected to server process).
[Package Manager] Cannot connect to Unity Package Manager local server
ScheduleIndexationOnStartup MainProcess:False IndexOnStartup:True
Mono: successfully reloaded assembly
- Finished resetting the current domain, in  0.966 seconds
Domain Reload Profiling: 2045ms
	BeginReloadAssembly (303ms)
		ExecutionOrderSort (0ms)
		DisableScriptedObjects (34ms)
		BackupInstance (0ms)
		ReleaseScriptingObjects (0ms)
		CreateAndSetChildDomain (57ms)
	RebuildCommonClasses (57ms)
	RebuildNativeTypeToScriptingClass (19ms)
	initialDomainReloadingComplete (38ms)
	LoadAllAssembliesAndSetupDomain (661ms)
		LoadAssemblies (532ms)
		RebuildTransferFunctionScriptingTraits (0ms)
		AnalyzeDomain (267ms)
			TypeCache.Refresh (9ms)
				TypeCache.ScanAssembly (0ms)
			BuildScriptInfoCaches (236ms)
			ResolveRequiredComponents (14ms)
	FinalizeReload (967ms)
		ReleaseScriptCaches (0ms)
		RebuildScriptCaches (0ms)
		SetupLoadedEditorAssemblies (731ms)
			LogAssemblyErrors (0ms)
			InitializePlatformSupportModulesInManaged (3ms)
			SetLoadedEditorAssemblies (5ms)
			BeforeProcessingInitializeOnLoad (168ms)
			ProcessInitializeOnLoadAttributes (439ms)
			ProcessInitializeOnLoadMethodAttributes (105ms)
			AfterProcessingInitializeOnLoad (10ms)
			EditorAssembliesLoaded (0ms)
		ExecutionOrderSort2 (0ms)
		AwakeInstancesAfterBackupRestoration (30ms)
Refreshing native plugins compatible for Editor in 2.20 ms, found 3 plugins.
Preloading 0 native plugins for Editor in 0.00 ms.
Unloading 16 Unused Serialized files (Serialized files now loaded: 0)
Unloading 6285 unused Assets / (4.4 MB). Loaded Objects now: 7249.
Memory consumption went from 162.5 MB to 158.1 MB.
Total: 13.075200 ms (FindLiveObjects: 1.210300 ms CreateObjectMapping: 1.186300 ms MarkObjects: 7.489800 ms  DeleteObjects: 3.186400 ms)

Prepare: number of updated asset objects reloaded= 0
========================================================================
Received Import Request.
  Time since last request: 64.285131 seconds.
  path: Assets/Packages/SazenGames/Skeleton/Prefabs/Skeleton_Fire.prefab
  artifactKey: Guid(ebf1576a44ed1f8488229ad3f90dc01d) Importer(815301076,1909f56bfc062723c751e8b465ee728b)
Start importing Assets/Packages/SazenGames/Skeleton/Prefabs/Skeleton_Fire.prefab using Guid(ebf1576a44ed1f8488229ad3f90dc01d) Importer(815301076,1909f56bfc062723c751e8b465ee728b) (PreviewImporter) -> (artifact id: '26b2faa4d963df33095813f1c6bb7fb3') in 0.5896938 seconds
Number of updated asset objects reloaded before import = 0Number of asset objects unloaded after import = 379

========================================================================
Received Import Request.
  Time since last request: 20.644753 seconds.
  path: Assets/Packages/SazenGames/Skeleton/Prefabs/Skeleton_Lightning.prefab
  artifactKey: Guid(61b3e3801d56a3f429556c96ea2f07d6) Importer(815301076,1909f56bfc062723c751e8b465ee728b)
Start importing Assets/Packages/SazenGames/Skeleton/Prefabs/Skeleton_Lightning.prefab using Guid(61b3e3801d56a3f429556c96ea2f07d6) Importer(815301076,1909f56bfc062723c751e8b465ee728b) (PreviewImporter) -> (artifact id: '0f59615ff354e0708a0d27479a449693') in 0.0304438 seconds
Number of updated asset objects reloaded before import = 0Number of asset objects unloaded after import = 379

========================================================================
Received Prepare
Begin MonoManager ReloadAssembly
[Licensing::Client] Successfully resolved entitlement details
- Loaded All Assemblies, in  1.074 seconds
Refreshing native plugins compatible for Editor in 1.51 ms, found 3 plugins.
Native extension for WindowsStandalone target not found
Native extension for WebGL target not found
[Package Manager] Failed to launch server process. Reason: Unity was launched with the -noUpm command-line argument
[Package Manager] Unable to send message (not connected to server process).
[Package Manager] Cannot connect to Unity Package Manager local server
[Package Manager] Failed to launch server process. Reason: Unity was launched with the -noUpm command-line argument
[Package Manager] Unable to send message (not connected to server process).
[Package Manager] Cannot connect to Unity Package Manager local server
ScheduleIndexationOnStartup MainProcess:False IndexOnStartup:True
Mono: successfully reloaded assembly
- Finished resetting the current domain, in  0.942 seconds
Domain Reload Profiling: 2014ms
	BeginReloadAssembly (297ms)
		ExecutionOrderSort (0ms)
		DisableScriptedObjects (23ms)
		BackupInstance (0ms)
		ReleaseScriptingObjects (0ms)
		CreateAndSetChildDomain (61ms)
	RebuildCommonClasses (45ms)
	RebuildNativeTypeToScriptingClass (15ms)
	initialDomainReloadingComplete (47ms)
	LoadAllAssembliesAndSetupDomain (666ms)
		LoadAssemblies (514ms)
		RebuildTransferFunctionScriptingTraits (0ms)
		AnalyzeDomain (288ms)
			TypeCache.Refresh (8ms)
				TypeCache.ScanAssembly (0ms)
			BuildScriptInfoCaches (256ms)
			ResolveRequiredComponents (18ms)
	FinalizeReload (943ms)
		ReleaseScriptCaches (0ms)
		RebuildScriptCaches (0ms)
		SetupLoadedEditorAssemblies (727ms)
			LogAssemblyErrors (0ms)
			InitializePlatformSupportModulesInManaged (3ms)
			SetLoadedEditorAssemblies (6ms)
			BeforeProcessingInitializeOnLoad (181ms)
			ProcessInitializeOnLoadAttributes (421ms)
			ProcessInitializeOnLoadMethodAttributes (105ms)
			AfterProcessingInitializeOnLoad (11ms)
			EditorAssembliesLoaded (0ms)
		ExecutionOrderSort2 (0ms)
		AwakeInstancesAfterBackupRestoration (25ms)
Refreshing native plugins compatible for Editor in 2.58 ms, found 3 plugins.
Preloading 0 native plugins for Editor in 0.00 ms.
Unloading 16 Unused Serialized files (Serialized files now loaded: 0)
Unloading 6285 unused Assets / (4.7 MB). Loaded Objects now: 7272.
Memory consumption went from 162.6 MB to 157.8 MB.
Total: 16.270400 ms (FindLiveObjects: 1.239900 ms CreateObjectMapping: 1.670900 ms MarkObjects: 7.713500 ms  DeleteObjects: 5.643400 ms)

Prepare: number of updated asset objects reloaded= 0
========================================================================
Received Import Request.
  Time since last request: 69.002028 seconds.
  path: Assets/Packages/SazenGames/Skeleton/Prefabs/Skeleton_Lightning.prefab
  artifactKey: Guid(61b3e3801d56a3f429556c96ea2f07d6) Importer(815301076,1909f56bfc062723c751e8b465ee728b)
Start importing Assets/Packages/SazenGames/Skeleton/Prefabs/Skeleton_Lightning.prefab using Guid(61b3e3801d56a3f429556c96ea2f07d6) Importer(815301076,1909f56bfc062723c751e8b465ee728b) (PreviewImporter) -> (artifact id: '97f397ed47a8c4d867a801d662b873e8') in 0.581997 seconds
Number of updated asset objects reloaded before import = 0Number of asset objects unloaded after import = 378

========================================================================
Received Import Request.
  Time since last request: 7.596880 seconds.
  path: Assets/Packages/SazenGames/Skeleton/Prefabs/Skeleton_Lightning.prefab
  artifactKey: Guid(61b3e3801d56a3f429556c96ea2f07d6) Importer(815301076,1909f56bfc062723c751e8b465ee728b)
Start importing Assets/Packages/SazenGames/Skeleton/Prefabs/Skeleton_Lightning.prefab using Guid(61b3e3801d56a3f429556c96ea2f07d6) Importer(815301076,1909f56bfc062723c751e8b465ee728b) (PreviewImporter) -> (artifact id: 'b5319e6eaf6f0d657caf85e2858f65eb') in 0.0329813 seconds
Number of updated asset objects reloaded before import = 0Number of asset objects unloaded after import = 379

========================================================================
Received Prepare
Begin MonoManager ReloadAssembly
- Loaded All Assemblies, in  1.039 seconds
Refreshing native plugins compatible for Editor in 2.28 ms, found 3 plugins.
Native extension for WindowsStandalone target not found
Native extension for WebGL target not found
[Package Manager] Failed to launch server process. Reason: Unity was launched with the -noUpm command-line argument
[Package Manager] Unable to send message (not connected to server process).
[Package Manager] Cannot connect to Unity Package Manager local server
[Package Manager] Failed to launch server process. Reason: Unity was launched with the -noUpm command-line argument
[Package Manager] Unable to send message (not connected to server process).
[Package Manager] Cannot connect to Unity Package Manager local server
ScheduleIndexationOnStartup MainProcess:False IndexOnStartup:True
Mono: successfully reloaded assembly
- Finished resetting the current domain, in  0.952 seconds
Domain Reload Profiling: 1989ms
	BeginReloadAssembly (286ms)
		ExecutionOrderSort (0ms)
		DisableScriptedObjects (28ms)
		BackupInstance (0ms)
		ReleaseScriptingObjects (0ms)
		CreateAndSetChildDomain (64ms)
	RebuildCommonClasses (50ms)
	RebuildNativeTypeToScriptingClass (16ms)
	initialDomainReloadingComplete (44ms)
	LoadAllAssembliesAndSetupDomain (641ms)
		LoadAssemblies (505ms)
		RebuildTransferFunctionScriptingTraits (0ms)
		AnalyzeDomain (263ms)
			TypeCache.Refresh (8ms)
				TypeCache.ScanAssembly (0ms)
			BuildScriptInfoCaches (229ms)
			ResolveRequiredComponents (18ms)
	FinalizeReload (953ms)
		ReleaseScriptCaches (0ms)
		RebuildScriptCaches (0ms)
		SetupLoadedEditorAssemblies (725ms)
			LogAssemblyErrors (0ms)
			InitializePlatformSupportModulesInManaged (4ms)
			SetLoadedEditorAssemblies (6ms)
			BeforeProcessingInitializeOnLoad (188ms)
			ProcessInitializeOnLoadAttributes (411ms)
			ProcessInitializeOnLoadMethodAttributes (104ms)
			AfterProcessingInitializeOnLoad (11ms)
			EditorAssembliesLoaded (1ms)
		ExecutionOrderSort2 (0ms)
		AwakeInstancesAfterBackupRestoration (26ms)
Refreshing native plugins compatible for Editor in 2.28 ms, found 3 plugins.
Preloading 0 native plugins for Editor in 0.00 ms.
Unloading 16 Unused Serialized files (Serialized files now loaded: 0)
Unloading 6285 unused Assets / (5.2 MB). Loaded Objects now: 7295.
Memory consumption went from 162.6 MB to 157.5 MB.
Total: 17.076000 ms (FindLiveObjects: 1.659500 ms CreateObjectMapping: 1.698300 ms MarkObjects: 7.950700 ms  DeleteObjects: 5.765400 ms)

Prepare: number of updated asset objects reloaded= 0
========================================================================
Received Import Request.
  Time since last request: 48.307548 seconds.
  path: Assets/Packages/SazenGames/Skeleton/Prefabs/Skeleton_Lightning.prefab
  artifactKey: Guid(61b3e3801d56a3f429556c96ea2f07d6) Importer(815301076,1909f56bfc062723c751e8b465ee728b)
Start importing Assets/Packages/SazenGames/Skeleton/Prefabs/Skeleton_Lightning.prefab using Guid(61b3e3801d56a3f429556c96ea2f07d6) Importer(815301076,1909f56bfc062723c751e8b465ee728b) (PreviewImporter) -> (artifact id: '48ad3e6a554bee53a140cd1f792d936a') in 0.5836891 seconds
Number of updated asset objects reloaded before import = 0Number of asset objects unloaded after import = 379

========================================================================
Received Import Request.
  Time since last request: 3.923382 seconds.
  path: Assets/Packages/SazenGames/Skeleton/Prefabs/Skeleton_Fire.prefab
  artifactKey: Guid(ebf1576a44ed1f8488229ad3f90dc01d) Importer(815301076,1909f56bfc062723c751e8b465ee728b)
Start importing Assets/Packages/SazenGames/Skeleton/Prefabs/Skeleton_Fire.prefab using Guid(ebf1576a44ed1f8488229ad3f90dc01d) Importer(815301076,1909f56bfc062723c751e8b465ee728b) (PreviewImporter) -> (artifact id: 'ce1d2e7744c854ce183a0326fdcad611') in 0.0290385 seconds
Number of updated asset objects reloaded before import = 0Number of asset objects unloaded after import = 378

========================================================================
Received Import Request.
  Time since last request: 2.006815 seconds.
  path: Assets/Packages/SazenGames/Skeleton/Prefabs/Skeleton_Fire.prefab
  artifactKey: Guid(ebf1576a44ed1f8488229ad3f90dc01d) Importer(815301076,1909f56bfc062723c751e8b465ee728b)
Start importing Assets/Packages/SazenGames/Skeleton/Prefabs/Skeleton_Fire.prefab using Guid(ebf1576a44ed1f8488229ad3f90dc01d) Importer(815301076,1909f56bfc062723c751e8b465ee728b) (PreviewImporter) -> (artifact id: 'ea008a92f221fe3d20b93b7082948215') in 0.0325176 seconds
Number of updated asset objects reloaded before import = 0Number of asset objects unloaded after import = 379

========================================================================
Received Import Request.
  Time since last request: 2.504951 seconds.
  path: Assets/Packages/SazenGames/Skeleton/Prefabs/Skeleton_Fire.prefab
  artifactKey: Guid(ebf1576a44ed1f8488229ad3f90dc01d) Importer(815301076,1909f56bfc062723c751e8b465ee728b)
Start importing Assets/Packages/SazenGames/Skeleton/Prefabs/Skeleton_Fire.prefab using Guid(ebf1576a44ed1f8488229ad3f90dc01d) Importer(815301076,1909f56bfc062723c751e8b465ee728b) (PreviewImporter) -> (artifact id: 'ac211aaa90894446f2c27a79ac1d93dc') in 0.0317919 seconds
Number of updated asset objects reloaded before import = 0Number of asset objects unloaded after import = 379

========================================================================
Received Import Request.
  Time since last request: 5.400357 seconds.
  path: Assets/Packages/SazenGames/Skeleton/Prefabs/Skeleton_Fire.prefab
  artifactKey: Guid(ebf1576a44ed1f8488229ad3f90dc01d) Importer(815301076,1909f56bfc062723c751e8b465ee728b)
Start importing Assets/Packages/SazenGames/Skeleton/Prefabs/Skeleton_Fire.prefab using Guid(ebf1576a44ed1f8488229ad3f90dc01d) Importer(815301076,1909f56bfc062723c751e8b465ee728b) (PreviewImporter) -> (artifact id: '361747ce4dc5dcf360cdfee611be87d2') in 0.0273218 seconds
Number of updated asset objects reloaded before import = 0Number of asset objects unloaded after import = 380

========================================================================
Received Import Request.
  Time since last request: 6.306612 seconds.
  path: Assets/Packages/SazenGames/Skeleton/Prefabs/Skeleton_Lightning.prefab
  artifactKey: Guid(61b3e3801d56a3f429556c96ea2f07d6) Importer(815301076,1909f56bfc062723c751e8b465ee728b)
Start importing Assets/Packages/SazenGames/Skeleton/Prefabs/Skeleton_Lightning.prefab using Guid(61b3e3801d56a3f429556c96ea2f07d6) Importer(815301076,1909f56bfc062723c751e8b465ee728b) (PreviewImporter) -> (artifact id: 'f1dd509fc8b2249789b5b039fbd15f46') in 0.0314312 seconds
Number of updated asset objects reloaded before import = 0Number of asset objects unloaded after import = 380

========================================================================
Received Prepare
Begin MonoManager ReloadAssembly
[Licensing::Client] Successfully resolved entitlement details
- Loaded All Assemblies, in  1.051 seconds
Refreshing native plugins compatible for Editor in 2.39 ms, found 3 plugins.
Native extension for WindowsStandalone target not found
Native extension for WebGL target not found
[Package Manager] Failed to launch server process. Reason: Unity was launched with the -noUpm command-line argument
[Package Manager] Unable to send message (not connected to server process).
[Package Manager] Cannot connect to Unity Package Manager local server
[Package Manager] Failed to launch server process. Reason: Unity was launched with the -noUpm command-line argument
[Package Manager] Unable to send message (not connected to server process).
[Package Manager] Cannot connect to Unity Package Manager local server
ScheduleIndexationOnStartup MainProcess:False IndexOnStartup:True
Mono: successfully reloaded assembly
- Finished resetting the current domain, in  0.927 seconds
Domain Reload Profiling: 1976ms
	BeginReloadAssembly (293ms)
		ExecutionOrderSort (0ms)
		DisableScriptedObjects (28ms)
		BackupInstance (0ms)
		ReleaseScriptingObjects (0ms)
		CreateAndSetChildDomain (58ms)
	RebuildCommonClasses (51ms)
	RebuildNativeTypeToScriptingClass (20ms)
	initialDomainReloadingComplete (43ms)
	LoadAllAssembliesAndSetupDomain (642ms)
		LoadAssemblies (512ms)
		RebuildTransferFunctionScriptingTraits (0ms)
		AnalyzeDomain (259ms)
			TypeCache.Refresh (9ms)
				TypeCache.ScanAssembly (0ms)
			BuildScriptInfoCaches (231ms)
			ResolveRequiredComponents (13ms)
	FinalizeReload (927ms)
		ReleaseScriptCaches (0ms)
		RebuildScriptCaches (0ms)
		SetupLoadedEditorAssemblies (719ms)
			LogAssemblyErrors (0ms)
			InitializePlatformSupportModulesInManaged (3ms)
			SetLoadedEditorAssemblies (5ms)
			BeforeProcessingInitializeOnLoad (189ms)
			ProcessInitializeOnLoadAttributes (412ms)
			ProcessInitializeOnLoadMethodAttributes (100ms)
			AfterProcessingInitializeOnLoad (9ms)
			EditorAssembliesLoaded (0ms)
		ExecutionOrderSort2 (0ms)
		AwakeInstancesAfterBackupRestoration (26ms)
Refreshing native plugins compatible for Editor in 2.07 ms, found 3 plugins.
Preloading 0 native plugins for Editor in 0.00 ms.
Unloading 16 Unused Serialized files (Serialized files now loaded: 0)
Unloading 6285 unused Assets / (4.9 MB). Loaded Objects now: 7318.
Memory consumption went from 162.7 MB to 157.8 MB.
Total: 17.128400 ms (FindLiveObjects: 1.824900 ms CreateObjectMapping: 1.890300 ms MarkObjects: 7.776500 ms  DeleteObjects: 5.634100 ms)

Prepare: number of updated asset objects reloaded= 0
========================================================================
Received Prepare
Begin MonoManager ReloadAssembly
- Loaded All Assemblies, in  1.090 seconds
Refreshing native plugins compatible for Editor in 1.46 ms, found 3 plugins.
Native extension for WindowsStandalone target not found
Native extension for WebGL target not found
[Package Manager] Failed to launch server process. Reason: Unity was launched with the -noUpm command-line argument
[Package Manager] Unable to send message (not connected to server process).
[Package Manager] Cannot connect to Unity Package Manager local server
[Package Manager] Failed to launch server process. Reason: Unity was launched with the -noUpm command-line argument
[Package Manager] Unable to send message (not connected to server process).
[Package Manager] Cannot connect to Unity Package Manager local server
ScheduleIndexationOnStartup MainProcess:False IndexOnStartup:True
Mono: successfully reloaded assembly
- Finished resetting the current domain, in  0.958 seconds
Domain Reload Profiling: 2044ms
	BeginReloadAssembly (286ms)
		ExecutionOrderSort (0ms)
		DisableScriptedObjects (9ms)
		BackupInstance (0ms)
		ReleaseScriptingObjects (0ms)
		CreateAndSetChildDomain (56ms)
	RebuildCommonClasses (47ms)
	RebuildNativeTypeToScriptingClass (16ms)
	initialDomainReloadingComplete (42ms)
	LoadAllAssembliesAndSetupDomain (695ms)
		LoadAssemblies (545ms)
		RebuildTransferFunctionScriptingTraits (0ms)
		AnalyzeDomain (294ms)
			TypeCache.Refresh (9ms)
				TypeCache.ScanAssembly (0ms)
			BuildScriptInfoCaches (258ms)
			ResolveRequiredComponents (19ms)
	FinalizeReload (959ms)
		ReleaseScriptCaches (0ms)
		RebuildScriptCaches (0ms)
		SetupLoadedEditorAssemblies (738ms)
			LogAssemblyErrors (0ms)
			InitializePlatformSupportModulesInManaged (3ms)
			SetLoadedEditorAssemblies (5ms)
			BeforeProcessingInitializeOnLoad (180ms)
			ProcessInitializeOnLoadAttributes (443ms)
			ProcessInitializeOnLoadMethodAttributes (96ms)
			AfterProcessingInitializeOnLoad (9ms)
			EditorAssembliesLoaded (0ms)
		ExecutionOrderSort2 (0ms)
		AwakeInstancesAfterBackupRestoration (23ms)
Refreshing native plugins compatible for Editor in 1.67 ms, found 3 plugins.
Preloading 0 native plugins for Editor in 0.00 ms.
Unloading 16 Unused Serialized files (Serialized files now loaded: 0)
Unloading 6284 unused Assets / (4.8 MB). Loaded Objects now: 7321.
Memory consumption went from 162.5 MB to 157.7 MB.
Total: 17.842000 ms (FindLiveObjects: 1.527700 ms CreateObjectMapping: 1.988500 ms MarkObjects: 8.688700 ms  DeleteObjects: 5.634800 ms)

Prepare: number of updated asset objects reloaded= 0
========================================================================
Received Import Request.
  Time since last request: 105.209681 seconds.
  path: Assets/Packages/SazenGames/Skeleton/Prefabs/Skeleton_Lightning.prefab
  artifactKey: Guid(61b3e3801d56a3f429556c96ea2f07d6) Importer(815301076,1909f56bfc062723c751e8b465ee728b)
Start importing Assets/Packages/SazenGames/Skeleton/Prefabs/Skeleton_Lightning.prefab using Guid(61b3e3801d56a3f429556c96ea2f07d6) Importer(815301076,1909f56bfc062723c751e8b465ee728b) (PreviewImporter) -> (artifact id: 'c23d35bdd11744a3d4ba4ac6cb08ce3a') in 0.5959119 seconds
Number of updated asset objects reloaded before import = 0Number of asset objects unloaded after import = 380

========================================================================
Received Import Request.
  Time since last request: 2.370341 seconds.
  path: Assets/Packages/SazenGames/Skeleton/Prefabs/Skeleton_Fire.prefab
  artifactKey: Guid(ebf1576a44ed1f8488229ad3f90dc01d) Importer(815301076,1909f56bfc062723c751e8b465ee728b)
Start importing Assets/Packages/SazenGames/Skeleton/Prefabs/Skeleton_Fire.prefab using Guid(ebf1576a44ed1f8488229ad3f90dc01d) Importer(815301076,1909f56bfc062723c751e8b465ee728b) (PreviewImporter) -> (artifact id: '75009f89b7135f5a117b43f646c6000d') in 0.0319278 seconds
Number of updated asset objects reloaded before import = 0Number of asset objects unloaded after import = 380

========================================================================
Received Prepare
Begin MonoManager ReloadAssembly
[Licensing::Client] Successfully resolved entitlement details
- Loaded All Assemblies, in  1.051 seconds
Refreshing native plugins compatible for Editor in 1.49 ms, found 3 plugins.
Native extension for WindowsStandalone target not found
Native extension for WebGL target not found
[Package Manager] Failed to launch server process. Reason: Unity was launched with the -noUpm command-line argument
[Package Manager] Unable to send message (not connected to server process).
[Package Manager] Cannot connect to Unity Package Manager local server
[Package Manager] Failed to launch server process. Reason: Unity was launched with the -noUpm command-line argument
[Package Manager] Unable to send message (not connected to server process).
[Package Manager] Cannot connect to Unity Package Manager local server
ScheduleIndexationOnStartup MainProcess:False IndexOnStartup:True
Mono: successfully reloaded assembly
- Finished resetting the current domain, in  0.950 seconds
Domain Reload Profiling: 1999ms
	BeginReloadAssembly (307ms)
		ExecutionOrderSort (0ms)
		DisableScriptedObjects (28ms)
		BackupInstance (0ms)
		ReleaseScriptingObjects (0ms)
		CreateAndSetChildDomain (63ms)
	RebuildCommonClasses (48ms)
	RebuildNativeTypeToScriptingClass (20ms)
	initialDomainReloadingComplete (39ms)
	LoadAllAssembliesAndSetupDomain (634ms)
		LoadAssemblies (520ms)
		RebuildTransferFunctionScriptingTraits (0ms)
		AnalyzeDomain (253ms)
			TypeCache.Refresh (9ms)
				TypeCache.ScanAssembly (0ms)
			BuildScriptInfoCaches (222ms)
			ResolveRequiredComponents (16ms)
	FinalizeReload (951ms)
		ReleaseScriptCaches (0ms)
		RebuildScriptCaches (0ms)
		SetupLoadedEditorAssemblies (740ms)
			LogAssemblyErrors (0ms)
			InitializePlatformSupportModulesInManaged (3ms)
			SetLoadedEditorAssemblies (5ms)
			BeforeProcessingInitializeOnLoad (188ms)
			ProcessInitializeOnLoadAttributes (429ms)
			ProcessInitializeOnLoadMethodAttributes (104ms)
			AfterProcessingInitializeOnLoad (10ms)
			EditorAssembliesLoaded (0ms)
		ExecutionOrderSort2 (0ms)
		AwakeInstancesAfterBackupRestoration (26ms)
Refreshing native plugins compatible for Editor in 2.03 ms, found 3 plugins.
Preloading 0 native plugins for Editor in 0.00 ms.
Unloading 16 Unused Serialized files (Serialized files now loaded: 0)
Unloading 6285 unused Assets / (4.5 MB). Loaded Objects now: 7344.
Memory consumption went from 162.8 MB to 158.3 MB.
Total: 16.627800 ms (FindLiveObjects: 1.225400 ms CreateObjectMapping: 1.545600 ms MarkObjects: 8.640500 ms  DeleteObjects: 5.213900 ms)

Prepare: number of updated asset objects reloaded= 0
========================================================================
Received Prepare
Begin MonoManager ReloadAssembly
- Loaded All Assemblies, in  1.015 seconds
Refreshing native plugins compatible for Editor in 1.52 ms, found 3 plugins.
Native extension for WindowsStandalone target not found
Native extension for WebGL target not found
[Package Manager] Failed to launch server process. Reason: Unity was launched with the -noUpm command-line argument
[Package Manager] Unable to send message (not connected to server process).
[Package Manager] Cannot connect to Unity Package Manager local server
[Package Manager] Failed to launch server process. Reason: Unity was launched with the -noUpm command-line argument
[Package Manager] Unable to send message (not connected to server process).
[Package Manager] Cannot connect to Unity Package Manager local server
ScheduleIndexationOnStartup MainProcess:False IndexOnStartup:True
Mono: successfully reloaded assembly
- Finished resetting the current domain, in  0.942 seconds
Domain Reload Profiling: 1954ms
	BeginReloadAssembly (268ms)
		ExecutionOrderSort (0ms)
		DisableScriptedObjects (9ms)
		BackupInstance (0ms)
		ReleaseScriptingObjects (0ms)
		CreateAndSetChildDomain (51ms)
	RebuildCommonClasses (47ms)
	RebuildNativeTypeToScriptingClass (21ms)
	initialDomainReloadingComplete (40ms)
	LoadAllAssembliesAndSetupDomain (635ms)
		LoadAssemblies (521ms)
		RebuildTransferFunctionScriptingTraits (0ms)
		AnalyzeDomain (254ms)
			TypeCache.Refresh (7ms)
				TypeCache.ScanAssembly (0ms)
			BuildScriptInfoCaches (228ms)
			ResolveRequiredComponents (13ms)
	FinalizeReload (943ms)
		ReleaseScriptCaches (0ms)
		RebuildScriptCaches (0ms)
		SetupLoadedEditorAssemblies (715ms)
			LogAssemblyErrors (0ms)
			InitializePlatformSupportModulesInManaged (4ms)
			SetLoadedEditorAssemblies (6ms)
			BeforeProcessingInitializeOnLoad (164ms)
			ProcessInitializeOnLoadAttributes (433ms)
			ProcessInitializeOnLoadMethodAttributes (98ms)
			AfterProcessingInitializeOnLoad (9ms)
			EditorAssembliesLoaded (0ms)
		ExecutionOrderSort2 (0ms)
		AwakeInstancesAfterBackupRestoration (28ms)
Refreshing native plugins compatible for Editor in 1.55 ms, found 3 plugins.
Preloading 0 native plugins for Editor in 0.00 ms.
Unloading 16 Unused Serialized files (Serialized files now loaded: 0)
Unloading 6284 unused Assets / (4.5 MB). Loaded Objects now: 7347.
Memory consumption went from 162.7 MB to 158.2 MB.
Total: 15.872900 ms (FindLiveObjects: 1.620100 ms CreateObjectMapping: 1.297400 ms MarkObjects: 7.921200 ms  DeleteObjects: 5.031600 ms)

Prepare: number of updated asset objects reloaded= 0
========================================================================
Received Import Request.
  Time since last request: 108.853275 seconds.
  path: Assets/Packages/SazenGames/Skeleton/Prefabs/Skeleton_Fire.prefab
  artifactKey: Guid(ebf1576a44ed1f8488229ad3f90dc01d) Importer(815301076,1909f56bfc062723c751e8b465ee728b)
Start importing Assets/Packages/SazenGames/Skeleton/Prefabs/Skeleton_Fire.prefab using Guid(ebf1576a44ed1f8488229ad3f90dc01d) Importer(815301076,1909f56bfc062723c751e8b465ee728b) (PreviewImporter) -> (artifact id: '471743342df4aed7c43725fdbb6565cd') in 0.5850884 seconds
Number of updated asset objects reloaded before import = 0Number of asset objects unloaded after import = 380

========================================================================
Received Prepare
Begin MonoManager ReloadAssembly
[Licensing::Client] Successfully resolved entitlement details
- Loaded All Assemblies, in  1.098 seconds
Refreshing native plugins compatible for Editor in 1.56 ms, found 3 plugins.
Native extension for WindowsStandalone target not found
Native extension for WebGL target not found
[Package Manager] Failed to launch server process. Reason: Unity was launched with the -noUpm command-line argument
[Package Manager] Unable to send message (not connected to server process).
[Package Manager] Cannot connect to Unity Package Manager local server
[Package Manager] Failed to launch server process. Reason: Unity was launched with the -noUpm command-line argument
[Package Manager] Unable to send message (not connected to server process).
[Package Manager] Cannot connect to Unity Package Manager local server
ScheduleIndexationOnStartup MainProcess:False IndexOnStartup:True
Mono: successfully reloaded assembly
- Finished resetting the current domain, in  0.972 seconds
Domain Reload Profiling: 2069ms
	BeginReloadAssembly (305ms)
		ExecutionOrderSort (0ms)
		DisableScriptedObjects (28ms)
		BackupInstance (0ms)
		ReleaseScriptingObjects (0ms)
		CreateAndSetChildDomain (66ms)
	RebuildCommonClasses (51ms)
	RebuildNativeTypeToScriptingClass (19ms)
	initialDomainReloadingComplete (48ms)
	LoadAllAssembliesAndSetupDomain (674ms)
		LoadAssemblies (522ms)
		RebuildTransferFunctionScriptingTraits (0ms)
		AnalyzeDomain (289ms)
			TypeCache.Refresh (9ms)
				TypeCache.ScanAssembly (0ms)
			BuildScriptInfoCaches (257ms)
			ResolveRequiredComponents (16ms)
	FinalizeReload (973ms)
		ReleaseScriptCaches (0ms)
		RebuildScriptCaches (0ms)
		SetupLoadedEditorAssemblies (736ms)
			LogAssemblyErrors (0ms)
			InitializePlatformSupportModulesInManaged (3ms)
			SetLoadedEditorAssemblies (6ms)
			BeforeProcessingInitializeOnLoad (176ms)
			ProcessInitializeOnLoadAttributes (449ms)
			ProcessInitializeOnLoadMethodAttributes (88ms)
			AfterProcessingInitializeOnLoad (12ms)
			EditorAssembliesLoaded (0ms)
		ExecutionOrderSort2 (0ms)
		AwakeInstancesAfterBackupRestoration (27ms)
Refreshing native plugins compatible for Editor in 1.53 ms, found 3 plugins.
Preloading 0 native plugins for Editor in 0.00 ms.
Unloading 16 Unused Serialized files (Serialized files now loaded: 0)
Unloading 6285 unused Assets / (4.8 MB). Loaded Objects now: 7370.
Memory consumption went from 162.9 MB to 158.2 MB.
Total: 14.627500 ms (FindLiveObjects: 1.514100 ms CreateObjectMapping: 1.363900 ms MarkObjects: 7.777000 ms  DeleteObjects: 3.970200 ms)

Prepare: number of updated asset objects reloaded= 0
========================================================================
Received Import Request.
  Time since last request: 10.115891 seconds.
  path: Assets/Packages/SazenGames/Skeleton/Prefabs/Skeleton_Lightning.prefab
  artifactKey: Guid(61b3e3801d56a3f429556c96ea2f07d6) Importer(815301076,1909f56bfc062723c751e8b465ee728b)
Start importing Assets/Packages/SazenGames/Skeleton/Prefabs/Skeleton_Lightning.prefab using Guid(61b3e3801d56a3f429556c96ea2f07d6) Importer(815301076,1909f56bfc062723c751e8b465ee728b) (PreviewImporter) -> (artifact id: '3c44d97ac531200d9695a8cf3d8d369d') in 0.5906587 seconds
Number of updated asset objects reloaded before import = 0Number of asset objects unloaded after import = 380

========================================================================
Received Import Request.
  Time since last request: 46.314462 seconds.
  path: Assets/Packages/SazenGames/Skeleton/Prefabs/Skeleton_Lightning.prefab
  artifactKey: Guid(61b3e3801d56a3f429556c96ea2f07d6) Importer(815301076,1909f56bfc062723c751e8b465ee728b)
Start importing Assets/Packages/SazenGames/Skeleton/Prefabs/Skeleton_Lightning.prefab using Guid(61b3e3801d56a3f429556c96ea2f07d6) Importer(815301076,1909f56bfc062723c751e8b465ee728b) (PreviewImporter) -> (artifact id: '16a0e49e7ddc3ed08204219acd6d011f') in 0.0301771 seconds
Number of updated asset objects reloaded before import = 0Number of asset objects unloaded after import = 380

========================================================================
Received Import Request.
  Time since last request: 6.157138 seconds.
  path: Assets/Packages/SazenGames/Skeleton/Prefabs/Skeleton_Fire.prefab
  artifactKey: Guid(ebf1576a44ed1f8488229ad3f90dc01d) Importer(815301076,1909f56bfc062723c751e8b465ee728b)
Start importing Assets/Packages/SazenGames/Skeleton/Prefabs/Skeleton_Fire.prefab using Guid(ebf1576a44ed1f8488229ad3f90dc01d) Importer(815301076,1909f56bfc062723c751e8b465ee728b) (PreviewImporter) -> (artifact id: '0f5f726f8638fe52a4f851f7e53a2f66') in 0.0290128 seconds
Number of updated asset objects reloaded before import = 0Number of asset objects unloaded after import = 380

========================================================================
Received Import Request.
  Time since last request: 2.102275 seconds.
  path: Assets/Packages/SazenGames/Skeleton/Prefabs/Skeleton_Fire.prefab
  artifactKey: Guid(ebf1576a44ed1f8488229ad3f90dc01d) Importer(815301076,1909f56bfc062723c751e8b465ee728b)
Start importing Assets/Packages/SazenGames/Skeleton/Prefabs/Skeleton_Fire.prefab using Guid(ebf1576a44ed1f8488229ad3f90dc01d) Importer(815301076,1909f56bfc062723c751e8b465ee728b) (PreviewImporter) -> (artifact id: '340e77b37fea1646331a96290b4bbb70') in 0.0280554 seconds
Number of updated asset objects reloaded before import = 0Number of asset objects unloaded after import = 380

========================================================================
Received Import Request.
  Time since last request: 8.591478 seconds.
  path: Assets/Packages/SazenGames/Skeleton/Prefabs/Skeleton_Fire.prefab
  artifactKey: Guid(ebf1576a44ed1f8488229ad3f90dc01d) Importer(815301076,1909f56bfc062723c751e8b465ee728b)
Start importing Assets/Packages/SazenGames/Skeleton/Prefabs/Skeleton_Fire.prefab using Guid(ebf1576a44ed1f8488229ad3f90dc01d) Importer(815301076,1909f56bfc062723c751e8b465ee728b) (PreviewImporter) -> (artifact id: 'b62fea33fa950c24562e5f42bd65ab57') in 0.0282434 seconds
Number of updated asset objects reloaded before import = 0Number of asset objects unloaded after import = 380

========================================================================
Received Import Request.
  Time since last request: 4.540661 seconds.
  path: Assets/Packages/SazenGames/Skeleton/Prefabs/Skeleton_Fire.prefab
  artifactKey: Guid(ebf1576a44ed1f8488229ad3f90dc01d) Importer(815301076,1909f56bfc062723c751e8b465ee728b)
Start importing Assets/Packages/SazenGames/Skeleton/Prefabs/Skeleton_Fire.prefab using Guid(ebf1576a44ed1f8488229ad3f90dc01d) Importer(815301076,1909f56bfc062723c751e8b465ee728b) (PreviewImporter) -> (artifact id: '5a2799edca9d52a43526a673eeab1aa4') in 0.0294234 seconds
Number of updated asset objects reloaded before import = 0Number of asset objects unloaded after import = 380

========================================================================
Received Import Request.
  Time since last request: 1.920551 seconds.
  path: Assets/Packages/SazenGames/Skeleton/Prefabs/Skeleton_Fire.prefab
  artifactKey: Guid(ebf1576a44ed1f8488229ad3f90dc01d) Importer(815301076,1909f56bfc062723c751e8b465ee728b)
Start importing Assets/Packages/SazenGames/Skeleton/Prefabs/Skeleton_Fire.prefab using Guid(ebf1576a44ed1f8488229ad3f90dc01d) Importer(815301076,1909f56bfc062723c751e8b465ee728b) (PreviewImporter) -> (artifact id: 'daa09aa1b170c5ad6fb1e28e2d81bb7d') in 0.024294 seconds
Number of updated asset objects reloaded before import = 0Number of asset objects unloaded after import = 380

========================================================================
Received Import Request.
  Time since last request: 13.896208 seconds.
  path: Assets/Packages/SazenGames/Skeleton/Prefabs/Skeleton_Lightning.prefab
  artifactKey: Guid(61b3e3801d56a3f429556c96ea2f07d6) Importer(815301076,1909f56bfc062723c751e8b465ee728b)
Start importing Assets/Packages/SazenGames/Skeleton/Prefabs/Skeleton_Lightning.prefab using Guid(61b3e3801d56a3f429556c96ea2f07d6) Importer(815301076,1909f56bfc062723c751e8b465ee728b) (PreviewImporter) -> (artifact id: '8d77e1c479bb74e980d217be99a51c5f') in 0.0292114 seconds
Number of updated asset objects reloaded before import = 0Number of asset objects unloaded after import = 380

========================================================================
Received Import Request.
  Time since last request: 3.539036 seconds.
  path: Assets/Packages/SazenGames/Skeleton/Prefabs/Skeleton_Lightning.prefab
  artifactKey: Guid(61b3e3801d56a3f429556c96ea2f07d6) Importer(815301076,1909f56bfc062723c751e8b465ee728b)
Start importing Assets/Packages/SazenGames/Skeleton/Prefabs/Skeleton_Lightning.prefab using Guid(61b3e3801d56a3f429556c96ea2f07d6) Importer(815301076,1909f56bfc062723c751e8b465ee728b) (PreviewImporter) -> (artifact id: 'c8e1e22af6effcbca843c4177e5e93d5') in 0.0310292 seconds
Number of updated asset objects reloaded before import = 0Number of asset objects unloaded after import = 380

========================================================================
Received Prepare
Begin MonoManager ReloadAssembly
[Licensing::Client] Successfully resolved entitlement details
- Loaded All Assemblies, in  1.063 seconds
Refreshing native plugins compatible for Editor in 1.73 ms, found 3 plugins.
Native extension for WindowsStandalone target not found
Native extension for WebGL target not found
[Package Manager] Failed to launch server process. Reason: Unity was launched with the -noUpm command-line argument
[Package Manager] Unable to send message (not connected to server process).
[Package Manager] Cannot connect to Unity Package Manager local server
[Package Manager] Failed to launch server process. Reason: Unity was launched with the -noUpm command-line argument
[Package Manager] Unable to send message (not connected to server process).
[Package Manager] Cannot connect to Unity Package Manager local server
ScheduleIndexationOnStartup MainProcess:False IndexOnStartup:True
Mono: successfully reloaded assembly
- Finished resetting the current domain, in  1.010 seconds
Domain Reload Profiling: 2071ms
	BeginReloadAssembly (291ms)
		ExecutionOrderSort (0ms)
		DisableScriptedObjects (27ms)
		BackupInstance (0ms)
		ReleaseScriptingObjects (0ms)
		CreateAndSetChildDomain (66ms)
	RebuildCommonClasses (47ms)
	RebuildNativeTypeToScriptingClass (17ms)
	initialDomainReloadingComplete (52ms)
	LoadAllAssembliesAndSetupDomain (653ms)
		LoadAssemblies (517ms)
		RebuildTransferFunctionScriptingTraits (0ms)
		AnalyzeDomain (263ms)
			TypeCache.Refresh (8ms)
				TypeCache.ScanAssembly (0ms)
			BuildScriptInfoCaches (234ms)
			ResolveRequiredComponents (14ms)
	FinalizeReload (1011ms)
		ReleaseScriptCaches (0ms)
		RebuildScriptCaches (0ms)
		SetupLoadedEditorAssemblies (768ms)
			LogAssemblyErrors (0ms)
			InitializePlatformSupportModulesInManaged (3ms)
			SetLoadedEditorAssemblies (6ms)
			BeforeProcessingInitializeOnLoad (194ms)
			ProcessInitializeOnLoadAttributes (451ms)
			ProcessInitializeOnLoadMethodAttributes (103ms)
			AfterProcessingInitializeOnLoad (10ms)
			EditorAssembliesLoaded (0ms)
		ExecutionOrderSort2 (0ms)
		AwakeInstancesAfterBackupRestoration (26ms)
Refreshing native plugins compatible for Editor in 2.06 ms, found 3 plugins.
Preloading 0 native plugins for Editor in 0.00 ms.
Unloading 16 Unused Serialized files (Serialized files now loaded: 0)
Unloading 6285 unused Assets / (5.4 MB). Loaded Objects now: 7393.
Memory consumption went from 163.0 MB to 157.6 MB.
Total: 16.481500 ms (FindLiveObjects: 1.564600 ms CreateObjectMapping: 1.195400 ms MarkObjects: 7.445900 ms  DeleteObjects: 6.273500 ms)

Prepare: number of updated asset objects reloaded= 0
========================================================================
Received Import Request.
  Time since last request: 41.384353 seconds.
  path: Assets/Scripts/Fireball.cs
  artifactKey: Guid(0207e5a493348c14ab88211c81f47e04) Importer(815301076,1909f56bfc062723c751e8b465ee728b)
Start importing Assets/Scripts/Fireball.cs using Guid(0207e5a493348c14ab88211c81f47e04) Importer(815301076,1909f56bfc062723c751e8b465ee728b) (PreviewImporter) -> (artifact id: '89ebf86a92ed5868cd255b6d2be69b0d') in 0.0023406 seconds
Number of updated asset objects reloaded before import = 0Number of asset objects unloaded after import = 0

========================================================================
Received Import Request.
  Time since last request: 55.669167 seconds.
  path: Assets/Scripts/WanderingAI.cs
  artifactKey: Guid(2c69559938d82f44ea57d1ff89dbf7b9) Importer(815301076,1909f56bfc062723c751e8b465ee728b)
Start importing Assets/Scripts/WanderingAI.cs using Guid(2c69559938d82f44ea57d1ff89dbf7b9) Importer(815301076,1909f56bfc062723c751e8b465ee728b) (PreviewImporter) -> (artifact id: '72fa1ee93aef7f752e9e4bcea40543ee') in 0.000907 seconds
Number of updated asset objects reloaded before import = 0Number of asset objects unloaded after import = 0

========================================================================
Received Import Request.
  Time since last request: 18.874220 seconds.
  path: Assets/Scripts/EnemyAI.cs
  artifactKey: Guid(bb20ed5db47f98d42be427fdc006a9f7) Importer(815301076,1909f56bfc062723c751e8b465ee728b)
Start importing Assets/Scripts/EnemyAI.cs using Guid(bb20ed5db47f98d42be427fdc006a9f7) Importer(815301076,1909f56bfc062723c751e8b465ee728b) (PreviewImporter) -> (artifact id: 'c1ad829abb37a7c23b87f8421fc8c603') in 0.0010232 seconds
Number of updated asset objects reloaded before import = 0Number of asset objects unloaded after import = 0

========================================================================
Received Import Request.
  Time since last request: 12.648126 seconds.
  path: Assets/Scripts/MoveTo.cs
  artifactKey: Guid(6a82b4fe436bcc4479554a7d37181bc5) Importer(815301076,1909f56bfc062723c751e8b465ee728b)
Start importing Assets/Scripts/MoveTo.cs using Guid(6a82b4fe436bcc4479554a7d37181bc5) Importer(815301076,1909f56bfc062723c751e8b465ee728b) (PreviewImporter) -> (artifact id: '210b5feab9b745107570438b16f36a3c') in 0.000911 seconds
Number of updated asset objects reloaded before import = 0Number of asset objects unloaded after import = 0

========================================================================
Received Import Request.
  Time since last request: 3.828087 seconds.
  path: Assets/Scripts/MoveByNavMeshAgent.cs
  artifactKey: Guid(0ab27530be11e2847a87f6cf48c561dd) Importer(815301076,1909f56bfc062723c751e8b465ee728b)
Start importing Assets/Scripts/MoveByNavMeshAgent.cs using Guid(0ab27530be11e2847a87f6cf48c561dd) Importer(815301076,1909f56bfc062723c751e8b465ee728b) (PreviewImporter) -> (artifact id: '90e76eaa8797c1c40b0d85463f099052') in 0.0009266 seconds
Number of updated asset objects reloaded before import = 0Number of asset objects unloaded after import = 0

========================================================================
Received Import Request.
  Time since last request: 1.183194 seconds.
  path: Assets/Scripts/GameManager.cs
  artifactKey: Guid(4f34a9f7c19e1fa448c64d455e78ccaa) Importer(815301076,1909f56bfc062723c751e8b465ee728b)
Start importing Assets/Scripts/GameManager.cs using Guid(4f34a9f7c19e1fa448c64d455e78ccaa) Importer(815301076,1909f56bfc062723c751e8b465ee728b) (PreviewImporter) -> (artifact id: '74c179c67ec338504b3a24a37f04ded4') in 0.0008201 seconds
Number of updated asset objects reloaded before import = 0Number of asset objects unloaded after import = 0

========================================================================
Received Import Request.
  Time since last request: 5.810079 seconds.
  path: Assets/Scripts/ReactiveTargetX.cs
  artifactKey: Guid(f819500d4b75dac48b2b5fc531096396) Importer(815301076,1909f56bfc062723c751e8b465ee728b)
Start importing Assets/Scripts/ReactiveTargetX.cs using Guid(f819500d4b75dac48b2b5fc531096396) Importer(815301076,1909f56bfc062723c751e8b465ee728b) (PreviewImporter) -> (artifact id: 'aba6814e940e3e34613ddca1bb2013e3') in 0.0008652 seconds
Number of updated asset objects reloaded before import = 0Number of asset objects unloaded after import = 0

========================================================================
Received Import Request.
  Time since last request: 10.104828 seconds.
  path: Assets/Scripts/ReactiveTarget3.cs
  artifactKey: Guid(8dccf588198b49e408a147f382259a13) Importer(815301076,1909f56bfc062723c751e8b465ee728b)
Start importing Assets/Scripts/ReactiveTarget3.cs using Guid(8dccf588198b49e408a147f382259a13) Importer(815301076,1909f56bfc062723c751e8b465ee728b) (PreviewImporter) -> (artifact id: 'd9c7df2af9aff43bbbc44c6bb197b869') in 0.0011671 seconds
Number of updated asset objects reloaded before import = 0Number of asset objects unloaded after import = 0

========================================================================
Received Import Request.
  Time since last request: 33.721361 seconds.
  path: Assets/Packages/SazenGames/Skeleton/Prefabs/Skeleton_Fire.prefab
  artifactKey: Guid(ebf1576a44ed1f8488229ad3f90dc01d) Importer(815301076,1909f56bfc062723c751e8b465ee728b)
Start importing Assets/Packages/SazenGames/Skeleton/Prefabs/Skeleton_Fire.prefab using Guid(ebf1576a44ed1f8488229ad3f90dc01d) Importer(815301076,1909f56bfc062723c751e8b465ee728b) (PreviewImporter) -> (artifact id: '2faa2db0023461042f93395be37b78d9') in 0.5750365 seconds
Number of updated asset objects reloaded before import = 0Number of asset objects unloaded after import = 379

========================================================================
Received Import Request.
  Time since last request: 1.314849 seconds.
  path: Assets/Packages/SazenGames/Skeleton/Prefabs/Skeleton_Fire.prefab
  artifactKey: Guid(ebf1576a44ed1f8488229ad3f90dc01d) Importer(815301076,1909f56bfc062723c751e8b465ee728b)
Start importing Assets/Packages/SazenGames/Skeleton/Prefabs/Skeleton_Fire.prefab using Guid(ebf1576a44ed1f8488229ad3f90dc01d) Importer(815301076,1909f56bfc062723c751e8b465ee728b) (PreviewImporter) -> (artifact id: 'b0ea924b5a8344cd3ee8544b3ea74534') in 0.032592 seconds
Number of updated asset objects reloaded before import = 0Number of asset objects unloaded after import = 380

========================================================================
Received Prepare
Begin MonoManager ReloadAssembly
[Licensing::Client] Successfully resolved entitlement details
- Loaded All Assemblies, in  1.052 seconds
Refreshing native plugins compatible for Editor in 1.54 ms, found 3 plugins.
Native extension for WindowsStandalone target not found
Native extension for WebGL target not found
[Package Manager] Failed to launch server process. Reason: Unity was launched with the -noUpm command-line argument
[Package Manager] Unable to send message (not connected to server process).
[Package Manager] Cannot connect to Unity Package Manager local server
[Package Manager] Failed to launch server process. Reason: Unity was launched with the -noUpm command-line argument
[Package Manager] Unable to send message (not connected to server process).
[Package Manager] Cannot connect to Unity Package Manager local server
ScheduleIndexationOnStartup MainProcess:False IndexOnStartup:True
Mono: successfully reloaded assembly
- Finished resetting the current domain, in  0.944 seconds
Domain Reload Profiling: 1994ms
	BeginReloadAssembly (303ms)
		ExecutionOrderSort (0ms)
		DisableScriptedObjects (25ms)
		BackupInstance (0ms)
		ReleaseScriptingObjects (0ms)
		CreateAndSetChildDomain (62ms)
	RebuildCommonClasses (50ms)
	RebuildNativeTypeToScriptingClass (18ms)
	initialDomainReloadingComplete (42ms)
	LoadAllAssembliesAndSetupDomain (636ms)
		LoadAssemblies (522ms)
		RebuildTransferFunctionScriptingTraits (0ms)
		AnalyzeDomain (257ms)
			TypeCache.Refresh (7ms)
				TypeCache.ScanAssembly (0ms)
			BuildScriptInfoCaches (230ms)
			ResolveRequiredComponents (13ms)
	FinalizeReload (945ms)
		ReleaseScriptCaches (0ms)
		RebuildScriptCaches (0ms)
		SetupLoadedEditorAssemblies (711ms)
			LogAssemblyErrors (0ms)
			InitializePlatformSupportModulesInManaged (4ms)
			SetLoadedEditorAssemblies (6ms)
			BeforeProcessingInitializeOnLoad (177ms)
			ProcessInitializeOnLoadAttributes (418ms)
			ProcessInitializeOnLoadMethodAttributes (95ms)
			AfterProcessingInitializeOnLoad (11ms)
			EditorAssembliesLoaded (0ms)
		ExecutionOrderSort2 (0ms)
		AwakeInstancesAfterBackupRestoration (28ms)
Refreshing native plugins compatible for Editor in 2.35 ms, found 3 plugins.
Preloading 0 native plugins for Editor in 0.00 ms.
Unloading 16 Unused Serialized files (Serialized files now loaded: 0)
Unloading 6285 unused Assets / (4.5 MB). Loaded Objects now: 7416.
Memory consumption went from 163.0 MB to 158.5 MB.
Total: 16.532800 ms (FindLiveObjects: 1.285500 ms CreateObjectMapping: 1.451000 ms MarkObjects: 8.282500 ms  DeleteObjects: 5.511800 ms)

Prepare: number of updated asset objects reloaded= 0
========================================================================
Received Import Request.
  Time since last request: 93.704054 seconds.
  path: Assets/Scripts/ReactiveTarget2.cs
  artifactKey: Guid(6fe85c5ea4752e14d814ce0f41ad8219) Importer(815301076,1909f56bfc062723c751e8b465ee728b)
Start importing Assets/Scripts/ReactiveTarget2.cs using Guid(6fe85c5ea4752e14d814ce0f41ad8219) Importer(815301076,1909f56bfc062723c751e8b465ee728b) (PreviewImporter) -> (artifact id: '9f5cda5e93c685bde1e873ef4f81ce21') in 0.0025669 seconds
Number of updated asset objects reloaded before import = 0Number of asset objects unloaded after import = 0

========================================================================
Received Import Request.
  Time since last request: 5.024224 seconds.
  path: Assets/Scripts/ReactiveTarget.cs
  artifactKey: Guid(c90de6ae54597f84a92dce690a2ba8bd) Importer(815301076,1909f56bfc062723c751e8b465ee728b)
Start importing Assets/Scripts/ReactiveTarget.cs using Guid(c90de6ae54597f84a92dce690a2ba8bd) Importer(815301076,1909f56bfc062723c751e8b465ee728b) (PreviewImporter) -> (artifact id: '612b8536046fd0f48ce8a1f473cb4258') in 0.0008592 seconds
Number of updated asset objects reloaded before import = 0Number of asset objects unloaded after import = 0

========================================================================
Received Prepare
Begin MonoManager ReloadAssembly
[Licensing::Client] Successfully resolved entitlement details
- Loaded All Assemblies, in  1.034 seconds
Refreshing native plugins compatible for Editor in 1.59 ms, found 3 plugins.
Native extension for WindowsStandalone target not found
Native extension for WebGL target not found
[Package Manager] Failed to launch server process. Reason: Unity was launched with the -noUpm command-line argument
[Package Manager] Unable to send message (not connected to server process).
[Package Manager] Cannot connect to Unity Package Manager local server
[Package Manager] Failed to launch server process. Reason: Unity was launched with the -noUpm command-line argument
[Package Manager] Unable to send message (not connected to server process).
[Package Manager] Cannot connect to Unity Package Manager local server
ScheduleIndexationOnStartup MainProcess:False IndexOnStartup:True
Mono: successfully reloaded assembly
- Finished resetting the current domain, in  0.936 seconds
Domain Reload Profiling: 1968ms
	BeginReloadAssembly (279ms)
		ExecutionOrderSort (0ms)
		DisableScriptedObjects (9ms)
		BackupInstance (0ms)
		ReleaseScriptingObjects (0ms)
		CreateAndSetChildDomain (52ms)
	RebuildCommonClasses (45ms)
	RebuildNativeTypeToScriptingClass (16ms)
	initialDomainReloadingComplete (45ms)
	LoadAllAssembliesAndSetupDomain (646ms)
		LoadAssemblies (530ms)
		RebuildTransferFunctionScriptingTraits (0ms)
		AnalyzeDomain (262ms)
			TypeCache.Refresh (8ms)
				TypeCache.ScanAssembly (0ms)
			BuildScriptInfoCaches (235ms)
			ResolveRequiredComponents (13ms)
	FinalizeReload (937ms)
		ReleaseScriptCaches (0ms)
		RebuildScriptCaches (0ms)
		SetupLoadedEditorAssemblies (722ms)
			LogAssemblyErrors (0ms)
			InitializePlatformSupportModulesInManaged (3ms)
			SetLoadedEditorAssemblies (6ms)
			BeforeProcessingInitializeOnLoad (185ms)
			ProcessInitializeOnLoadAttributes (411ms)
			ProcessInitializeOnLoadMethodAttributes (105ms)
			AfterProcessingInitializeOnLoad (12ms)
			EditorAssembliesLoaded (1ms)
		ExecutionOrderSort2 (0ms)
		AwakeInstancesAfterBackupRestoration (27ms)
Refreshing native plugins compatible for Editor in 2.15 ms, found 3 plugins.
Preloading 0 native plugins for Editor in 0.00 ms.
Unloading 16 Unused Serialized files (Serialized files now loaded: 0)
Unloading 6284 unused Assets / (4.5 MB). Loaded Objects now: 7419.
Memory consumption went from 162.9 MB to 158.5 MB.
Total: 15.640700 ms (FindLiveObjects: 1.511000 ms CreateObjectMapping: 1.255300 ms MarkObjects: 7.917000 ms  DeleteObjects: 4.955700 ms)

Prepare: number of updated asset objects reloaded= 0
========================================================================
Received Import Request.
  Time since last request: 41.930030 seconds.
  path: Assets/Packages/SazenGames/Skeleton/Prefabs/Skeleton_Fire.prefab
  artifactKey: Guid(ebf1576a44ed1f8488229ad3f90dc01d) Importer(815301076,1909f56bfc062723c751e8b465ee728b)
Start importing Assets/Packages/SazenGames/Skeleton/Prefabs/Skeleton_Fire.prefab using Guid(ebf1576a44ed1f8488229ad3f90dc01d) Importer(815301076,1909f56bfc062723c751e8b465ee728b) (PreviewImporter) -> (artifact id: '0b49d8b30b4dcee4e78f26bbd5408993') in 0.5755826 seconds
Number of updated asset objects reloaded before import = 0Number of asset objects unloaded after import = 380

========================================================================
Received Import Request.
  Time since last request: 5.409271 seconds.
  path: Assets/Packages/SazenGames/Skeleton/Prefabs/Skeleton_Lightning.prefab
  artifactKey: Guid(61b3e3801d56a3f429556c96ea2f07d6) Importer(815301076,1909f56bfc062723c751e8b465ee728b)
Start importing Assets/Packages/SazenGames/Skeleton/Prefabs/Skeleton_Lightning.prefab using Guid(61b3e3801d56a3f429556c96ea2f07d6) Importer(815301076,1909f56bfc062723c751e8b465ee728b) (PreviewImporter) -> (artifact id: 'b7965e6a0e1ac72a8a17419aa674ac5d') in 0.0292229 seconds
Number of updated asset objects reloaded before import = 0Number of asset objects unloaded after import = 379

========================================================================
Received Import Request.
  Time since last request: 2.520123 seconds.
  path: Assets/Packages/SazenGames/Skeleton/Prefabs/Skeleton_Lightning.prefab
  artifactKey: Guid(61b3e3801d56a3f429556c96ea2f07d6) Importer(815301076,1909f56bfc062723c751e8b465ee728b)
Start importing Assets/Packages/SazenGames/Skeleton/Prefabs/Skeleton_Lightning.prefab using Guid(61b3e3801d56a3f429556c96ea2f07d6) Importer(815301076,1909f56bfc062723c751e8b465ee728b) (PreviewImporter) -> (artifact id: 'f4818190234a7df3a96dc705ef506765') in 0.0313959 seconds
Number of updated asset objects reloaded before import = 0Number of asset objects unloaded after import = 380

========================================================================
Received Prepare
Begin MonoManager ReloadAssembly
- Loaded All Assemblies, in  1.050 seconds
Refreshing native plugins compatible for Editor in 2.02 ms, found 3 plugins.
Native extension for WindowsStandalone target not found
Native extension for WebGL target not found
[Package Manager] Failed to launch server process. Reason: Unity was launched with the -noUpm command-line argument
[Package Manager] Unable to send message (not connected to server process).
[Package Manager] Cannot connect to Unity Package Manager local server
[Package Manager] Failed to launch server process. Reason: Unity was launched with the -noUpm command-line argument
[Package Manager] Unable to send message (not connected to server process).
[Package Manager] Cannot connect to Unity Package Manager local server
ScheduleIndexationOnStartup MainProcess:False IndexOnStartup:True
Mono: successfully reloaded assembly
- Finished resetting the current domain, in  0.925 seconds
Domain Reload Profiling: 1973ms
	BeginReloadAssembly (281ms)
		ExecutionOrderSort (0ms)
		DisableScriptedObjects (25ms)
		BackupInstance (0ms)
		ReleaseScriptingObjects (0ms)
		CreateAndSetChildDomain (57ms)
	RebuildCommonClasses (54ms)
	RebuildNativeTypeToScriptingClass (16ms)
	initialDomainReloadingComplete (49ms)
	LoadAllAssembliesAndSetupDomain (646ms)
		LoadAssemblies (495ms)
		RebuildTransferFunctionScriptingTraits (0ms)
		AnalyzeDomain (272ms)
			TypeCache.Refresh (8ms)
				TypeCache.ScanAssembly (0ms)
			BuildScriptInfoCaches (243ms)
			ResolveRequiredComponents (14ms)
	FinalizeReload (926ms)
		ReleaseScriptCaches (0ms)
		RebuildScriptCaches (0ms)
		SetupLoadedEditorAssemblies (696ms)
			LogAssemblyErrors (0ms)
			InitializePlatformSupportModulesInManaged (3ms)
			SetLoadedEditorAssemblies (6ms)
			BeforeProcessingInitializeOnLoad (163ms)
			ProcessInitializeOnLoadAttributes (413ms)
			ProcessInitializeOnLoadMethodAttributes (99ms)
			AfterProcessingInitializeOnLoad (11ms)
			EditorAssembliesLoaded (0ms)
		ExecutionOrderSort2 (0ms)
		AwakeInstancesAfterBackupRestoration (26ms)
Refreshing native plugins compatible for Editor in 2.04 ms, found 3 plugins.
Preloading 0 native plugins for Editor in 0.00 ms.
Unloading 16 Unused Serialized files (Serialized files now loaded: 0)
Unloading 6285 unused Assets / (4.7 MB). Loaded Objects now: 7442.
Memory consumption went from 163.1 MB to 158.4 MB.
Total: 17.647800 ms (FindLiveObjects: 1.296500 ms CreateObjectMapping: 1.684100 ms MarkObjects: 9.031000 ms  DeleteObjects: 5.634300 ms)

Prepare: number of updated asset objects reloaded= 0
========================================================================
Received Import Request.
  Time since last request: 34.557260 seconds.
  path: Assets/Scripts/Bullet.cs
  artifactKey: Guid(e89acf9fa6af1834c80a4067eb105661) Importer(815301076,1909f56bfc062723c751e8b465ee728b)
Start importing Assets/Scripts/Bullet.cs using Guid(e89acf9fa6af1834c80a4067eb105661) Importer(815301076,1909f56bfc062723c751e8b465ee728b) (PreviewImporter) -> (artifact id: '266c8b50d124f3b24067906bf7da3c47') in 0.0024265 seconds
Number of updated asset objects reloaded before import = 0Number of asset objects unloaded after import = 0

========================================================================
Received Prepare
Begin MonoManager ReloadAssembly
[Licensing::Client] Successfully resolved entitlement details
- Loaded All Assemblies, in  1.030 seconds
Refreshing native plugins compatible for Editor in 2.23 ms, found 3 plugins.
Native extension for WindowsStandalone target not found
Native extension for WebGL target not found
[Package Manager] Failed to launch server process. Reason: Unity was launched with the -noUpm command-line argument
[Package Manager] Unable to send message (not connected to server process).
[Package Manager] Cannot connect to Unity Package Manager local server
[Package Manager] Failed to launch server process. Reason: Unity was launched with the -noUpm command-line argument
[Package Manager] Unable to send message (not connected to server process).
[Package Manager] Cannot connect to Unity Package Manager local server
ScheduleIndexationOnStartup MainProcess:False IndexOnStartup:True
Mono: successfully reloaded assembly
- Finished resetting the current domain, in  0.917 seconds
Domain Reload Profiling: 1944ms
	BeginReloadAssembly (276ms)
		ExecutionOrderSort (0ms)
		DisableScriptedObjects (7ms)
		BackupInstance (0ms)
		ReleaseScriptingObjects (0ms)
		CreateAndSetChildDomain (49ms)
	RebuildCommonClasses (53ms)
	RebuildNativeTypeToScriptingClass (18ms)
	initialDomainReloadingComplete (39ms)
	LoadAllAssembliesAndSetupDomain (639ms)
		LoadAssemblies (530ms)
		RebuildTransferFunctionScriptingTraits (0ms)
		AnalyzeDomain (243ms)
			TypeCache.Refresh (11ms)
				TypeCache.ScanAssembly (1ms)
			BuildScriptInfoCaches (213ms)
			ResolveRequiredComponents (12ms)
	FinalizeReload (918ms)
		ReleaseScriptCaches (0ms)
		RebuildScriptCaches (0ms)
		SetupLoadedEditorAssemblies (684ms)
			LogAssemblyErrors (0ms)
			InitializePlatformSupportModulesInManaged (4ms)
			SetLoadedEditorAssemblies (6ms)
			BeforeProcessingInitializeOnLoad (175ms)
			ProcessInitializeOnLoadAttributes (396ms)
			ProcessInitializeOnLoadMethodAttributes (92ms)
			AfterProcessingInitializeOnLoad (10ms)
			EditorAssembliesLoaded (0ms)
		ExecutionOrderSort2 (0ms)
		AwakeInstancesAfterBackupRestoration (26ms)
Refreshing native plugins compatible for Editor in 1.56 ms, found 3 plugins.
Preloading 0 native plugins for Editor in 0.00 ms.
Unloading 16 Unused Serialized files (Serialized files now loaded: 0)
Unloading 6284 unused Assets / (4.4 MB). Loaded Objects now: 7445.
Memory consumption went from 163.0 MB to 158.7 MB.
Total: 14.205700 ms (FindLiveObjects: 1.105600 ms CreateObjectMapping: 1.381400 ms MarkObjects: 7.289700 ms  DeleteObjects: 4.426100 ms)

Prepare: number of updated asset objects reloaded= 0
========================================================================
Received Prepare
Begin MonoManager ReloadAssembly
- Loaded All Assemblies, in  1.017 seconds
Refreshing native plugins compatible for Editor in 1.75 ms, found 3 plugins.
Native extension for WindowsStandalone target not found
Native extension for WebGL target not found
[Package Manager] Failed to launch server process. Reason: Unity was launched with the -noUpm command-line argument
[Package Manager] Unable to send message (not connected to server process).
[Package Manager] Cannot connect to Unity Package Manager local server
[Package Manager] Failed to launch server process. Reason: Unity was launched with the -noUpm command-line argument
[Package Manager] Unable to send message (not connected to server process).
[Package Manager] Cannot connect to Unity Package Manager local server
ScheduleIndexationOnStartup MainProcess:False IndexOnStartup:True
Mono: successfully reloaded assembly
- Finished resetting the current domain, in  1.033 seconds
Domain Reload Profiling: 2048ms
	BeginReloadAssembly (259ms)
		ExecutionOrderSort (0ms)
		DisableScriptedObjects (8ms)
		BackupInstance (0ms)
		ReleaseScriptingObjects (0ms)
		CreateAndSetChildDomain (46ms)
	RebuildCommonClasses (52ms)
	RebuildNativeTypeToScriptingClass (16ms)
	initialDomainReloadingComplete (41ms)
	LoadAllAssembliesAndSetupDomain (647ms)
		LoadAssemblies (528ms)
		RebuildTransferFunctionScriptingTraits (0ms)
		AnalyzeDomain (253ms)
			TypeCache.Refresh (8ms)
				TypeCache.ScanAssembly (0ms)
			BuildScriptInfoCaches (224ms)
			ResolveRequiredComponents (13ms)
	FinalizeReload (1034ms)
		ReleaseScriptCaches (0ms)
		RebuildScriptCaches (0ms)
		SetupLoadedEditorAssemblies (784ms)
			LogAssemblyErrors (0ms)
			InitializePlatformSupportModulesInManaged (3ms)
			SetLoadedEditorAssemblies (6ms)
			BeforeProcessingInitializeOnLoad (200ms)
			ProcessInitializeOnLoadAttributes (453ms)
			ProcessInitializeOnLoadMethodAttributes (109ms)
			AfterProcessingInitializeOnLoad (12ms)
			EditorAssembliesLoaded (0ms)
		ExecutionOrderSort2 (0ms)
		AwakeInstancesAfterBackupRestoration (26ms)
Refreshing native plugins compatible for Editor in 1.80 ms, found 3 plugins.
Preloading 0 native plugins for Editor in 0.00 ms.
Unloading 16 Unused Serialized files (Serialized files now loaded: 0)
Unloading 6284 unused Assets / (4.4 MB). Loaded Objects now: 7448.
Memory consumption went from 163.1 MB to 158.6 MB.
Total: 16.429300 ms (FindLiveObjects: 1.520200 ms CreateObjectMapping: 1.968900 ms MarkObjects: 8.854500 ms  DeleteObjects: 4.083700 ms)

Prepare: number of updated asset objects reloaded= 0
========================================================================
Received Import Request.
  Time since last request: 81.270299 seconds.
  path: Assets/Prefabs/Enemy1.prefab
  artifactKey: Guid(625e6e05dca734480a6094f6ae51be4a) Importer(815301076,1909f56bfc062723c751e8b465ee728b)
Start importing Assets/Prefabs/Enemy1.prefab using Guid(625e6e05dca734480a6094f6ae51be4a) Importer(815301076,1909f56bfc062723c751e8b465ee728b) (PreviewImporter) -> (artifact id: '5e943a375c419db855655fb6d6186994') in 0.7128709 seconds
Number of updated asset objects reloaded before import = 0Number of asset objects unloaded after import = 24

========================================================================
Received Import Request.
  Time since last request: 0.000061 seconds.
  path: Assets/Prefabs/Fireball2.prefab
  artifactKey: Guid(2e4a8f21bcc1dad4cb80a3954aaa7f5d) Importer(815301076,1909f56bfc062723c751e8b465ee728b)
Start importing Assets/Prefabs/Fireball2.prefab using Guid(2e4a8f21bcc1dad4cb80a3954aaa7f5d) Importer(815301076,1909f56bfc062723c751e8b465ee728b) (PreviewImporter) -> (artifact id: 'c7e80bcaad2a28a4f4566f426d9c0b09') in 0.0346845 seconds
Number of updated asset objects reloaded before import = 0Number of asset objects unloaded after import = 17

========================================================================
Received Import Request.
  Time since last request: 0.000062 seconds.
  path: Assets/Prefabs/Fireball.prefab
  artifactKey: Guid(e88d7c49744b54e85ab3a1537ed50eed) Importer(815301076,1909f56bfc062723c751e8b465ee728b)
Start importing Assets/Prefabs/Fireball.prefab using Guid(e88d7c49744b54e85ab3a1537ed50eed) Importer(815301076,1909f56bfc062723c751e8b465ee728b) (PreviewImporter) -> (artifact id: '0d4239d30cf621cf6a7b01208b9f77a3') in 0.0241363 seconds
Number of updated asset objects reloaded before import = 0Number of asset objects unloaded after import = 13

========================================================================
Received Import Request.
  Time since last request: 15.622258 seconds.
  path: Assets/Packages/SazenGames/Skeleton/Prefabs/Skeleton_Lightning.prefab
  artifactKey: Guid(61b3e3801d56a3f429556c96ea2f07d6) Importer(815301076,1909f56bfc062723c751e8b465ee728b)
Start importing Assets/Packages/SazenGames/Skeleton/Prefabs/Skeleton_Lightning.prefab using Guid(61b3e3801d56a3f429556c96ea2f07d6) Importer(815301076,1909f56bfc062723c751e8b465ee728b) (PreviewImporter) -> (artifact id: 'af4c5f203d32700ae09f20e2a4c9a2da') in 0.0447123 seconds
Number of updated asset objects reloaded before import = 0Number of asset objects unloaded after import = 380

========================================================================
Received Prepare
Begin MonoManager ReloadAssembly
ADTM: Control thread waiting for realtime thread timed out, have to lock...
- Loaded All Assemblies, in  2.510 seconds
Refreshing native plugins compatible for Editor in 2.13 ms, found 3 plugins.
Native extension for WindowsStandalone target not found
Native extension for WebGL target not found
[Package Manager] Failed to launch server process. Reason: Unity was launched with the -noUpm command-line argument
[Package Manager] Unable to send message (not connected to server process).
[Package Manager] Cannot connect to Unity Package Manager local server
[Package Manager] Failed to launch server process. Reason: Unity was launched with the -noUpm command-line argument
[Package Manager] Unable to send message (not connected to server process).
[Package Manager] Cannot connect to Unity Package Manager local server
ScheduleIndexationOnStartup MainProcess:False IndexOnStartup:True
Mono: successfully reloaded assembly
- Finished resetting the current domain, in  1.197 seconds
Domain Reload Profiling: 3705ms
	BeginReloadAssembly (1429ms)
		ExecutionOrderSort (0ms)
		DisableScriptedObjects (38ms)
		BackupInstance (0ms)
		ReleaseScriptingObjects (0ms)
		CreateAndSetChildDomain (1079ms)
	RebuildCommonClasses (126ms)
	RebuildNativeTypeToScriptingClass (21ms)
	initialDomainReloadingComplete (57ms)
	LoadAllAssembliesAndSetupDomain (875ms)
		LoadAssemblies (747ms)
		RebuildTransferFunctionScriptingTraits (0ms)
		AnalyzeDomain (352ms)
			TypeCache.Refresh (10ms)
				TypeCache.ScanAssembly (0ms)
			BuildScriptInfoCaches (315ms)
			ResolveRequiredComponents (20ms)
	FinalizeReload (1197ms)
		ReleaseScriptCaches (0ms)
		RebuildScriptCaches (0ms)
		SetupLoadedEditorAssemblies (889ms)
			LogAssemblyErrors (0ms)
			InitializePlatformSupportModulesInManaged (4ms)
			SetLoadedEditorAssemblies (8ms)
			BeforeProcessingInitializeOnLoad (226ms)
			ProcessInitializeOnLoadAttributes (526ms)
			ProcessInitializeOnLoadMethodAttributes (113ms)
			AfterProcessingInitializeOnLoad (11ms)
			EditorAssembliesLoaded (1ms)
		ExecutionOrderSort2 (0ms)
		AwakeInstancesAfterBackupRestoration (29ms)
Refreshing native plugins compatible for Editor in 1.99 ms, found 3 plugins.
Preloading 0 native plugins for Editor in 0.00 ms.
Unloading 16 Unused Serialized files (Serialized files now loaded: 0)
Unloading 6285 unused Assets / (5.4 MB). Loaded Objects now: 7472.
Memory consumption went from 162.3 MB to 157.0 MB.
Total: 16.193500 ms (FindLiveObjects: 1.273600 ms CreateObjectMapping: 1.414100 ms MarkObjects: 8.140400 ms  DeleteObjects: 5.362900 ms)

Prepare: number of updated asset objects reloaded= 0
========================================================================
Received Prepare
Refreshing native plugins compatible for Editor in 1.53 ms, found 3 plugins.
Preloading 0 native plugins for Editor in 0.00 ms.
Unloading 16 Unused Serialized files (Serialized files now loaded: 0)
Unloading 6278 unused Assets / (5.3 MB). Loaded Objects now: 7472.
Memory consumption went from 162.4 MB to 157.1 MB.
Total: 17.899000 ms (FindLiveObjects: 1.121600 ms CreateObjectMapping: 1.661400 ms MarkObjects: 8.463800 ms  DeleteObjects: 6.649100 ms)

Prepare: number of updated asset objects reloaded= 0
========================================================================
Received Import Request.
  Time since last request: 18.712823 seconds.
  path: Assets/Packages/SazenGames/Skeleton/Prefabs/Skeleton_Lightning.prefab
  artifactKey: Guid(61b3e3801d56a3f429556c96ea2f07d6) Importer(815301076,1909f56bfc062723c751e8b465ee728b)
Start importing Assets/Packages/SazenGames/Skeleton/Prefabs/Skeleton_Lightning.prefab using Guid(61b3e3801d56a3f429556c96ea2f07d6) Importer(815301076,1909f56bfc062723c751e8b465ee728b) (PreviewImporter) -> (artifact id: '9c48a398aeba7dcf85d0843e565038c4') in 0.6902171 seconds
Number of updated asset objects reloaded before import = 0Number of asset objects unloaded after import = 380

========================================================================
Received Prepare
Begin MonoManager ReloadAssembly
[Licensing::Client] Successfully resolved entitlement details
ADTM: Control thread waiting for realtime thread timed out, have to lock...
- Loaded All Assemblies, in  2.227 seconds
Refreshing native plugins compatible for Editor in 1.88 ms, found 3 plugins.
Native extension for WindowsStandalone target not found
Native extension for WebGL target not found
[Package Manager] Failed to launch server process. Reason: Unity was launched with the -noUpm command-line argument
[Package Manager] Unable to send message (not connected to server process).
[Package Manager] Cannot connect to Unity Package Manager local server
[Package Manager] Failed to launch server process. Reason: Unity was launched with the -noUpm command-line argument
[Package Manager] Unable to send message (not connected to server process).
[Package Manager] Cannot connect to Unity Package Manager local server
ScheduleIndexationOnStartup MainProcess:False IndexOnStartup:True
Mono: successfully reloaded assembly
- Finished resetting the current domain, in  0.969 seconds
Domain Reload Profiling: 3194ms
	BeginReloadAssembly (1363ms)
		ExecutionOrderSort (0ms)
		DisableScriptedObjects (30ms)
		BackupInstance (0ms)
		ReleaseScriptingObjects (0ms)
		CreateAndSetChildDomain (1078ms)
	RebuildCommonClasses (55ms)
	RebuildNativeTypeToScriptingClass (20ms)
	initialDomainReloadingComplete (46ms)
	LoadAllAssembliesAndSetupDomain (741ms)
		LoadAssemblies (600ms)
		RebuildTransferFunctionScriptingTraits (0ms)
		AnalyzeDomain (309ms)
			TypeCache.Refresh (13ms)
				TypeCache.ScanAssembly (1ms)
			BuildScriptInfoCaches (269ms)
			ResolveRequiredComponents (20ms)
	FinalizeReload (970ms)
		ReleaseScriptCaches (0ms)
		RebuildScriptCaches (0ms)
		SetupLoadedEditorAssemblies (709ms)
			LogAssemblyErrors (0ms)
			InitializePlatformSupportModulesInManaged (4ms)
			SetLoadedEditorAssemblies (7ms)
			BeforeProcessingInitializeOnLoad (201ms)
			ProcessInitializeOnLoadAttributes (407ms)
			ProcessInitializeOnLoadMethodAttributes (81ms)
			AfterProcessingInitializeOnLoad (8ms)
			EditorAssembliesLoaded (0ms)
		ExecutionOrderSort2 (0ms)
		AwakeInstancesAfterBackupRestoration (22ms)
Refreshing native plugins compatible for Editor in 1.37 ms, found 3 plugins.
Preloading 0 native plugins for Editor in 0.00 ms.
Unloading 16 Unused Serialized files (Serialized files now loaded: 0)
Unloading 6285 unused Assets / (4.4 MB). Loaded Objects now: 7495.
Memory consumption went from 162.5 MB to 158.0 MB.
Total: 11.909700 ms (FindLiveObjects: 1.051500 ms CreateObjectMapping: 1.261100 ms MarkObjects: 6.061600 ms  DeleteObjects: 3.533600 ms)

Prepare: number of updated asset objects reloaded= 0
========================================================================
Received Prepare
Begin MonoManager ReloadAssembly
ADTM: Control thread waiting for realtime thread timed out, have to lock...
- Loaded All Assemblies, in  2.268 seconds
Refreshing native plugins compatible for Editor in 2.67 ms, found 3 plugins.
Native extension for WindowsStandalone target not found
Native extension for WebGL target not found
[Package Manager] Failed to launch server process. Reason: Unity was launched with the -noUpm command-line argument
[Package Manager] Unable to send message (not connected to server process).
[Package Manager] Cannot connect to Unity Package Manager local server
[Package Manager] Failed to launch server process. Reason: Unity was launched with the -noUpm command-line argument
[Package Manager] Unable to send message (not connected to server process).
[Package Manager] Cannot connect to Unity Package Manager local server
ScheduleIndexationOnStartup MainProcess:False IndexOnStartup:True
Mono: successfully reloaded assembly
- Finished resetting the current domain, in  1.218 seconds
Domain Reload Profiling: 3487ms
	BeginReloadAssembly (1296ms)
		ExecutionOrderSort (0ms)
		DisableScriptedObjects (10ms)
		BackupInstance (0ms)
		ReleaseScriptingObjects (0ms)
		CreateAndSetChildDomain (1062ms)
	RebuildCommonClasses (60ms)
	RebuildNativeTypeToScriptingClass (16ms)
	initialDomainReloadingComplete (40ms)
	LoadAllAssembliesAndSetupDomain (856ms)
		LoadAssemblies (621ms)
		RebuildTransferFunctionScriptingTraits (0ms)
		AnalyzeDomain (375ms)
			TypeCache.Refresh (11ms)
				TypeCache.ScanAssembly (0ms)
			BuildScriptInfoCaches (335ms)
			ResolveRequiredComponents (20ms)
	FinalizeReload (1219ms)
		ReleaseScriptCaches (0ms)
		RebuildScriptCaches (0ms)
		SetupLoadedEditorAssemblies (908ms)
			LogAssemblyErrors (0ms)
			InitializePlatformSupportModulesInManaged (5ms)
			SetLoadedEditorAssemblies (8ms)
			BeforeProcessingInitializeOnLoad (242ms)
			ProcessInitializeOnLoadAttributes (529ms)
			ProcessInitializeOnLoadMethodAttributes (111ms)
			AfterProcessingInitializeOnLoad (13ms)
			EditorAssembliesLoaded (1ms)
		ExecutionOrderSort2 (0ms)
		AwakeInstancesAfterBackupRestoration (27ms)
Refreshing native plugins compatible for Editor in 1.52 ms, found 3 plugins.
Preloading 0 native plugins for Editor in 0.00 ms.
Unloading 16 Unused Serialized files (Serialized files now loaded: 0)
Unloading 6284 unused Assets / (4.6 MB). Loaded Objects now: 7498.
Memory consumption went from 162.4 MB to 157.8 MB.
Total: 15.702100 ms (FindLiveObjects: 1.570100 ms CreateObjectMapping: 1.745200 ms MarkObjects: 7.397800 ms  DeleteObjects: 4.986700 ms)

Prepare: number of updated asset objects reloaded= 0
========================================================================
Received Import Request.
  Time since last request: 37.217177 seconds.
  path: Assets/Packages/SazenGames/Skeleton/Art/Animations/Skeleton_fall.fbx
  artifactKey: Guid(b3175ff2052d36d449f784bb41bf92f2) Importer(815301076,1909f56bfc062723c751e8b465ee728b)
Start importing Assets/Packages/SazenGames/Skeleton/Art/Animations/Skeleton_fall.fbx using Guid(b3175ff2052d36d449f784bb41bf92f2) Importer(815301076,1909f56bfc062723c751e8b465ee728b) (PreviewImporter) -> (artifact id: 'dba39a965da5f333987315262a9b0c9c') in 0.8882027 seconds
Number of updated asset objects reloaded before import = 0Number of asset objects unloaded after import = 174

========================================================================
Received Import Request.
  Time since last request: 0.000058 seconds.
  path: Assets/Packages/SazenGames/Skeleton/Art/Animations/Skeleton_scream.fbx
  artifactKey: Guid(86a91506aa2b93c489463253cfac6e49) Importer(815301076,1909f56bfc062723c751e8b465ee728b)
Start importing Assets/Packages/SazenGames/Skeleton/Art/Animations/Skeleton_scream.fbx using Guid(86a91506aa2b93c489463253cfac6e49) Importer(815301076,1909f56bfc062723c751e8b465ee728b) (PreviewImporter) -> (artifact id: 'c44b08464a44389f328510575f17c6e0') in 0.0894449 seconds
Number of updated asset objects reloaded before import = 0Number of asset objects unloaded after import = 174

========================================================================
Received Import Request.
  Time since last request: 0.000063 seconds.
  path: Assets/Packages/SazenGames/Skeleton/Art/Animations/Skeleton_stab.fbx
  artifactKey: Guid(85b976b555a360642a5b0873d89e2f3f) Importer(815301076,1909f56bfc062723c751e8b465ee728b)
Start importing Assets/Packages/SazenGames/Skeleton/Art/Animations/Skeleton_stab.fbx using Guid(85b976b555a360642a5b0873d89e2f3f) Importer(815301076,1909f56bfc062723c751e8b465ee728b) (PreviewImporter) -> (artifact id: '538682fd134536b3bf67a7c864ca6e95') in 0.0845921 seconds
Number of updated asset objects reloaded before import = 0Number of asset objects unloaded after import = 174

========================================================================
Received Import Request.
  Time since last request: 0.000046 seconds.
  path: Assets/Packages/SazenGames/Skeleton/Art/Animations/Skeleton_underground.fbx
  artifactKey: Guid(3ac4b674d4829cd40ac63450e95edb99) Importer(815301076,1909f56bfc062723c751e8b465ee728b)
Start importing Assets/Packages/SazenGames/Skeleton/Art/Animations/Skeleton_underground.fbx using Guid(3ac4b674d4829cd40ac63450e95edb99) Importer(815301076,1909f56bfc062723c751e8b465ee728b) (PreviewImporter) -> (artifact id: '7ab3b2bafe9492c9a8c433d945b89c84') in 0.0845132 seconds
Number of updated asset objects reloaded before import = 0Number of asset objects unloaded after import = 174

========================================================================
Received Import Request.
  Time since last request: 0.000047 seconds.
  path: Assets/Packages/SazenGames/Skeleton/Art/Animations/Skeleton_jump.fbx
  artifactKey: Guid(df23cde223aba7c4480eaceb08ba0e37) Importer(815301076,1909f56bfc062723c751e8b465ee728b)
Start importing Assets/Packages/SazenGames/Skeleton/Art/Animations/Skeleton_jump.fbx using Guid(df23cde223aba7c4480eaceb08ba0e37) Importer(815301076,1909f56bfc062723c751e8b465ee728b) (PreviewImporter) -> (artifact id: '40d0c866c83d4a70bef6e80114359122') in 0.0887809 seconds
Number of updated asset objects reloaded before import = 0Number of asset objects unloaded after import = 174

========================================================================
Received Import Request.
  Time since last request: 0.000077 seconds.
  path: Assets/Packages/SazenGames/Skeleton/Art/Animations/Skeleton_revive.fbx
  artifactKey: Guid(152e04866bb4599408f22b5cbbb73e78) Importer(815301076,1909f56bfc062723c751e8b465ee728b)
Start importing Assets/Packages/SazenGames/Skeleton/Art/Animations/Skeleton_revive.fbx using Guid(152e04866bb4599408f22b5cbbb73e78) Importer(815301076,1909f56bfc062723c751e8b465ee728b) (PreviewImporter) -> (artifact id: 'db7d914169a12b6eda3c14ab0ea0cd40') in 0.0800484 seconds
Number of updated asset objects reloaded before import = 0Number of asset objects unloaded after import = 174

========================================================================
Received Import Request.
  Time since last request: 0.000049 seconds.
  path: Assets/Packages/SazenGames/Skeleton/Art/Animations/Skeleton_turn_right_90.fbx
  artifactKey: Guid(9b80c92f2b5557e4ea0083600aff1d08) Importer(815301076,1909f56bfc062723c751e8b465ee728b)
Start importing Assets/Packages/SazenGames/Skeleton/Art/Animations/Skeleton_turn_right_90.fbx using Guid(9b80c92f2b5557e4ea0083600aff1d08) Importer(815301076,1909f56bfc062723c751e8b465ee728b) (PreviewImporter) -> (artifact id: '6128b1dee898d2dbc600a0514f2671ce') in 0.0861027 seconds
Number of updated asset objects reloaded before import = 0Number of asset objects unloaded after import = 174

========================================================================
Received Import Request.
  Time since last request: 0.000059 seconds.
  path: Assets/Packages/SazenGames/Skeleton/Art/Animations/Skeleton_walk_forward.fbx
  artifactKey: Guid(c206cf45441f0484b930f9f870961a03) Importer(815301076,1909f56bfc062723c751e8b465ee728b)
Start importing Assets/Packages/SazenGames/Skeleton/Art/Animations/Skeleton_walk_forward.fbx using Guid(c206cf45441f0484b930f9f870961a03) Importer(815301076,1909f56bfc062723c751e8b465ee728b) (PreviewImporter) -> (artifact id: '89864dbd9ddd429447a2888bf590fcda') in 0.0877258 seconds
Number of updated asset objects reloaded before import = 0Number of asset objects unloaded after import = 174

Editor requested this worker to shutdown with reason: Scaling down because of idle timeout
AssetImportWorker is now disconnected from the server
Process exiting
Exiting without the bug reporter. Application will terminate with return code 0